Workbook
Name opsObjectCount: 'Ops Storage'!$4:$4
Name lossyCompression: Storage!$C$13
Name computeLifetime: Model!$B$127
Name rawCompression: Storage!$C$12
Name qservFac: Model!$H$77
Name opsCalsPerDay: 'Ops Storage'!$C$18
Name coreHoursPerTB: Compute!$C$8
Name sourceCount: Storage!$5:$5
Name visitsPerNight: Storage!$C$17
Name visitsPerNight: 'Ops Storage'!$C$16
Name opsObjectExtraRowSize: 'Ops Storage'!$24:$24
Name opsObjectRowSize: 'Ops Storage'!$23:$23
Name nightsPerYear: 'Ops Storage'!$C$15
Name nightsPerYear: Storage!$C$16
Name qservReplication: 'Ops Storage'!$C$27
Name reduceCPU: Model!$G$3
Name lsstCamImageToHscRatio: Storage!$C$14
Name imagesPerVisit: Storage!$C$18
Name sourceRowSize: Storage!$27:$27
Name cpuFac: Model!$H$75
Name objectCount: Storage!$4:$4
Name opsSourceCount: 'Ops Storage'!$5:$5
Name storageLifetime: Model!$B$128
Name opsImagesPerVisit: 'Ops Storage'!$C$17
Name opsSourceRowSize: 'Ops Storage'!$25:$25
Name diskFac: Model!$H$76
Name opsForcedSourceRowSize: 'Ops Storage'!$C$26:$L$26
Name objectRowSize: Storage!$25:$25
Name qservReplication: Storage!$29:$29
Name forcedSourceRowSize: Storage!$28:$28
Name lsstCamImageSize: Storage!$C$11
Name forcedSourceCount: Storage!$6:$6
Name lsstCamScienceImages: Storage!$20:$20
Name calsPerDay: Storage!$C$19
Name lsstCamScienceImages: 'Ops Storage'!$19:$19
Name opsForcedSourceCount: 'Ops Storage'!$6:$6
Name objectExtraRowSize: Storage!$26:$26
Name lossyCompression: 'Ops Storage'!$C$13
Name tbPerScienceUser: Storage!$9:$9
Name scaleYear: Model!$G$11
Name opsScienceUsers: 'Ops Storage'!$C$8:$L$8
Name opsTBPerScienceUser: 'Ops Storage'!$9:$9
Name scienceUsers: Storage!$8:$8
Name opsRawCompression: 'Ops Storage'!$C$12
Name lsstCamImageSize: 'Ops Storage'!$C$11
Name reduceDisk: Model!$G$4

Sheet Model
A1: Table Summary | B1: This table pulls together all the information in a high level summary - in this table Xeon pricing is used since that is the more expensive but better known option. Price factors, defined in \tabref{tab:Inputs} are applied post 2020. | C1: 4 | D1: 0 | G1: Factors
A2: Year | B2: 2021 | C2: =B2+1 -> 2022 | D2: =C2+1 -> 2023 | E2: =D2+1 -> 2024 | G2: Experimental | H2: should be or was
A3: Compute (2019 pricing) | B3: =B83 -> 690000 | C3: =C83 -> 0 | D3: =D83 -> 1500000 | E3: =E83 -> 5460000 | G3: 1 | H3: 1 | I3: Reduce DRP ONLY CPU by this factor
A4: Storage (2019 pricing) | B4: =B102 -> 101927.44 | C4: =C102 -> 95547.907 | D4: =D102 -> 523354.22 | E4: =E102 -> 3859657.6 | G4: 1 | H4: 1 | I4: Reduce Disk by this factor
A5: Qserv (2019 pricing) | D5: =(E59+E61)*$E$27 -> 280000 | E5: =(F59+F61)*$E$27 -> 3520000 | G5: 133 | H5: 45 | I5: Price of slow (latent) disk
A6: Total (2019 pricing) | B6: =sum(B3:B5) -> 791927.44 | C6: =sum(C3:C5) -> 95547.907 | D6: =sum(D3:D5) -> 2303354.2 | E6: =sum(E3:E5) -> 12839658 | G6: 0.05 | H6: 0.05 | I6: Price factor for disk
A7: Compute (applying price factor) | B7: =B$3*(1-( (B$2-2019)*$C$75)) -> 552000 | C7: =C$3*(1-( (C$2-2019)*$C$75)) -> 0 | D7: =D$3*(1-( (D$2-2019)*$C$75)) -> 900000 | E7: =E$3*(1-( (E$2-2019)*$C$75)) -> 2730000 | G7: 0.1 | H7: 0.1 | I7: Price factor for cpu
A8: IN2P3 (50% of compute in ops) | E8: =-(E7/2) -> -1365000 | G8: 1 | H8: 1 | I8: Forced Source Multiplier (ops)
A9: UKDF (25% of compute in ops) | E9: =-(E7/4) -> -682500 | G9: 0 | H9: 14 | I9: Qserv nodes in Chile 2022
A10: Storage (applying price factor) | B10: =B4*(1-( (B2-2019)*$C$76)) -> 91734.697 | C10: =C4*(1-( (C2-2019)*$C$76)) -> 81215.721 | D10: =D4*(1-( (D2-2019)*$C$76)) -> 418683.37 | E10: =E4*(1-( (E2-2019)*$C$76)) -> 2894743.2 | G10: 0 | H10: 26 | I10: DAC nodes Chile 2022
A11: Qserv (applying price factor) | D11: =D$5*(1-( (D$2-2019)*$C$77)) -> 196000 | E11: =E$5*(1-( (E$2-2019)*$C$77)) -> 2200000 | G11: 2020 | H11: 2019 | I11: Year for price estimates used in scaling
A12: Hosting cost NCSA | B12: =B113 -> 110802.27 | C12: =C113 -> 62802.272 | D12: =D113 -> 238012.35 | E12: =E113 -> 805839.55 | G12: 0.3 | H12: 0.2 | I12: Latent storage factor chile
A13: Total budget (using price factors) | B13: =sum(B7:B12) -> 754536.97 | C13: =sum(C7:C12) -> 144017.99 | D13: =sum(D7:D12) -> 1752695.7 | E13: =sum(E7:E12) -> 6583082.7 | F13: =sum(F7:F12) -> 0 | G13: 720 | H13: 720 | I13: Peso Rate
G14: 1.05 | H14: 1.05 | I14: Latent storage factor chile using RAW+Coadd
A17: Table Scope | B17: NOW OBSOLETE Scope option of delaying the purchase of LOY1 processing hardware and only purchasing what is needed for commissioning was enacted. We only purchase up to and including 2022 hardware of \tabref{tab:Summary}. If we consider that amount and the current remaining construction budget for hardware the potential worth of such a scope option is given in this table. | C17: 4 | D17: 2 | F17: This is now obsolete since the LCR already returnd 10M to ops
A18: Commissioning Budget (to 2022) | D18: =sum(B13:D13) -> 2651250.7
A19: DM construciton budet remaining | D19: 13892220 | E19: (from p6 - Klong email 17 dec 2019 12:52)
A20: Total potential to delay to ops | D20: =D19-D18 -> 11240969
A21: Includes Chilean Storage (2023) | D21: =($E$97+$E$100)*(1-( (E2-2020)*$C$76)) -> 980617.71
A22: Include Chilean Compute (2023) | D22: =0.1*E7 -> 273000
A24: Table Machines | B24: Machine types and costs used as inputs used for calculations | C24: 6 | D24: 0
A25: Type of machine | B25: Cores | C25: Memory(GB) | D25: Eff cores/node | E25: Cost | F25: purpose/use | G25: notes
A26: Xeon | B26: 32 | C26: 192 | D26: =CEILING(2*16*2.1*13.6/816*24,1) -> 27 | E26: 10000 | F26: current K8 node
A27: Qserv | B27: 12 | C27: 128 | D27: =ceiling(2*6*2.5*13.6/816*24,1) -> 12 | E27: 20000 | F27: current qserv node | G27: has 11 internal drives too
A28: small rome | B28: 64 | C28: =4*B28 -> 256 | D28: =CEILING(1484*0.85/816*24,1) -> 38 | E28: 13000 | F28: https://www.microway.com/product/navion-1u-amd-epyc-gpu-server/
A29: large rome | B29: 128 | C29: =4*B29 -> 512 | D29: =ceiling(4608*0.85/816*24,1) -> 116 | E29: 13000 | F29: from Richard
A30: current compute node | B30: 24 | C30: 128 | D30: =2*12*2.5*13.6/816*24 -> 24 | E30: 9000 | F30: current compute node | G30: FLOPS = sockets * (cores per socket) * (number of clock cycles per second) * (number of floating point operations per cycle).
G31: xeon flops real = 16*.85 = 13.6
A33: Table Storage | B33: Storage types and costs used as inputs used for calculations | C33: 3 | D33: 0
A34: Storage type | B34: Estimate(SLAC) | C34: Estimate(NCSA) | D34: note
A35: fast -- NVMe (50GB/s each) /TB | B35: 400 | C35: 1000 | D35: for each TB with file system servers to DDN NVME box with GPFS servers. TOP performer with best price also.
A36: normal - SATA GPFS file systems/TB | B36: 70 | C36: 135 | D36: for each TB with file system disks and servers locally attached to production resources.
A37: latency -- slower but on disk | B37: 70 | C37: =H5 -> 45 | D37: for each TB with file systems or potentially S3 bucket type. Can be mounted if needed but not for production worthy speeds. Based on recent LDF purchases. This is a capacity buy, doubling the storage behind a controller.
A38: high latency -- very slow -- on tape | B38: 15.65 | C38: 25 | D38: for each TB based on LT08 at $10 a cartridge plus cost of robot/cabinets .. i.e. assumes large storage of PB or more
G42: what is the process needed to do: | H42: Qserv, Consolided DB, LSP, DBB (Chile, LDF) | I42: DP0,DP1
A44: Table Inputs | B44: Various inputs for deriving costs - 2019 represents current holdings. | C44: 6 | D44: 0 | F44: DR1, Early alerts
A45: Year | B45: 2019 | C45: =B2 -> 2021 | D45: =C45+1 -> 2022 | E45: =D45+1 -> 2023 | F45: =E45+1 -> 2024
A46: Core-hours Needed Total (DRP) | C46: =Compute!C24 -> 4406677.7 | D46: =Compute!D24 -> 4406677.7 | E46: =Compute!E24 -> 11216345 | F46: =Compute!F24 -> 45264684
A47: Annual Increase | C47: =C46-B46 -> 4406677.7 | D47: =D46-C46 -> 0 | E47: =E46-D46 -> 6809667.8 | F47: =F46-E46 -> 34048339
A48: Time to Process days | C48: 100 | D48: 100 | E48: 100 | F48: 100
A49: Time to Process hours | C49: =C48*24 -> 2400 | D49: =D48*24 -> 2400 | E49: =E48*24 -> 2400 | F49: =F48*24 -> 2400
A50: Instantaneous cores (DRP) Total | C50: =C46/C49 -> 1836.1157 | D50: =D46/D49 -> 1836.1157 | E50: =E46/E49 -> 4673.4773 | F50: =F46/F49 -> 18860.285
A51: Instantaneous cores (DRP) Annual increase | B51: =48*$D$30 -> 1152 | C51: =C47/C49 -> 1836.1157 | D51: =D47/D49 -> 0 | E51: =E47/E49 -> 2837.3616 | F51: =F47/F49 -> 14186.808
A52: Instantaneous cores (Alerts) | C52: 0 | D52: 0 | E52: =Compute!E27 -> 1188.4091 | F52: =Compute!F27 -> 1188.4091
A53: Cores (Alerts) Annual increase | C53: =max(0,C52-B52) -> 0 | D53: =max(0,D52-C52) -> 0 | E53: =max(0,E52-D52) -> 1188.4091 | F53: =max(0,F52-E52) -> 0
A54: Instantaneous cores (US DAC/Staff) | B54: =20*$D$26 -> 540 | C54: =B54 -> 540 | D54: =C54 -> 540 | E54: =Compute!E31+Compute!E40 -> 140.84452 | F54: =Compute!F31+Compute!F40 -> 568.39216 | G54: this looks wrong but is probalby correct 10% on top
A55: Cores (US DAC/Staff) Annual increase | C55: =max(0,C54-B54) -> 0 | D55: =max(0,D54-C54) -> 0 | E55: =max(0,E54-D54) -> 0 | F55: =max(0,F54-E54) -> 427.54764
A56: Instantaneous cores (Chilean DAC) | C56: 0 | D56: 0 | E56: =G10 -> 0 | F56: =Compute!F36 -> 103.34403 | G56: Zero out DAC cores thats noew all ops
A57: Cores (Chilean DAC) Annual increase | C57: 0 | D57: 0 | E57: =E56-D56 -> 0 | F57: =F56-E56 -> 103.34403
A58: Qserv nodes (US DAC/Staff) | C58: =Compute!C32 | D58: =Compute!D32 | E58: =Compute!E32 -> 14 | F58: =Compute!F32 -> 95
A59: Qserv nodes (US DAC/Staff) Annual Increase | E59: =E58-D58 -> 14 | F59: =F58-E58 -> 81
A60: Qserv nodes (Chilean DAC) | E60: =G9 -> 0 | F60: =Compute!F37 -> 95 | G60: Zero out Qserv thats now ops
A61: Qserv nodes (Chilean DAC) Annual Increase | E61: =E60-D60 -> 0 | F61: =F60-E60 -> 95
A62: Total Cores Annual Increase | C62: =C57+C55+C53+C51 -> 1836.1157 | D62: =D57+D55+D53+D51 -> 0 | E62: =E57+E55+E53+E51 -> 4025.7707 | F62: =F57+F55+F53+F51 -> 14717.7
A63: Fast Storage (TB) | C63: =Storage!C64 -> 11.842105 | D63: =Storage!D64 -> 23.684211 | E63: =Storage!E64 -> 49.754211 | F63: =Storage!F64 -> 206.17421
A64: Annual Increase (Fast) | C64: =C63-B63 -> 11.842105 | D64: =D63-C63 -> 11.842105 | E64: =E63-D63 -> 26.07 | F64: =F63-E63 -> 156.42
A65: Normal Storage (TB) | B65: 3000 | C65: =Storage!C66 -> 3466.8175 | D65: =Storage!D66 -> 3534.964 | E65: =Storage!E66 -> 6629.574 | F65: =Storage!F66 -> 24080.669
A66: Annual Increase (Normal) | C66: =max(0,C65-B65) -> 466.81753 | D66: =max(0,D65-C65) -> 68.146467 | E66: =max(0,E65-D65) -> 3094.61 | F66: =max(0,F65-E65) -> 17451.095
A67: Latent Storage (TB) | C67: =Storage!C74 -> 318.52031 | D67: =Storage!D74 -> 875.93084 | E67: =Storage!E74 -> 3428.9551 | F67: =Storage!F74 -> 16617.202
A68: Annual Increase (Latent) | C68: =C67-B67 -> 318.52031 | D68: =D67-C67 -> 557.41054 | E68: =E67-D67 -> 2553.0243 | F68: =F67-E67 -> 13188.247
A69: High Latency (TB) | C69: =Storage!C79 -> 2697.5687 | D69: =Storage!D79 -> 5702.1741 | E69: =Storage!E79 -> 13216.028 | F69: =Storage!F79 -> 40472.48
A70: Annual Increase (High Latency) | C70: =C69-B69 -> 2697.5687 | D70: =D69-C69 -> 3004.6054 | E70: =E69-D69 -> 7513.8542 | F70: =F69-E69 -> 27256.452
A71: Chilean DAC Fast Storage (TB) | F71: =Storage!F83 -> 156.42
A72: Annual Increase (Fast Chilean DAC) | F72: =F71-E71 -> 156.42
A73: Chilean DAC Latent Storage (TB) | F73: =Storage!F86 -> 16617.202
A74: Annual Increase (Latent Chilean DAC) | F74: =F73-E73 -> 16617.202 | H74: As a factor for compounding
A75: Annual price decrease CPU | C75: =G7 -> 0.1 | H75: =1-C$75 -> 0.9
A76: Annual price decrease Storage | C76: =G6 -> 0.05 | H76: =1-C$76 -> 0.95
A77: Annual price decrease Qserv | C77: =(C75+C76)/2 -> 0.075 | H77: =1-C$77 -> 0.925
A78: Chile peso rate | C78: =G13 -> 720
A80: Table Xeon | B80: Implementation with Intel Xeon | C80: 5 | D80: 0
A81: Year | B81: =B$2 -> 2021 | C81: =C$2 -> 2022 | D81: =D$2 -> 2023 | E81: =E$2 -> 2024
A82: Number of Xeon | B82: =CEILING(C62/$D$26,1) -> 69 | C82: =CEILING(D62/$D$26,1) -> 0 | D82: =CEILING(E62/$D$26,1) -> 150 | E82: =CEILING(F62/$D$26,1) -> 546 | G82: Was not including sciplat nor alerts
A83: Approximate cost | B83: =B82*$E$26 -> 690000 | C83: =C82*$E$26 -> 0 | D83: =D82*$E$26 -> 1500000 | E83: =E82*$E$26 -> 5460000
A86: Table Rome | B86: Implementation with AMD Rome (we have no good proce for these reallly) | C86: 5 | D86: 0
A87: Year | B87: =B$2 -> 2021 | C87: =C$2 -> 2022 | D87: =D$2 -> 2023 | E87: =E$2 -> 2024
A88: number of small rome | B88: =roundup(C51/$D$28,0) -> 49 | C88: =D51/$D$28 -> 0 | D88: =roundup(E51/$D$28,0) -> 75 | E88: =roundup(F62/$D$28,0) -> 388
A89: Approximate cost of small rome | B89: =B88*$E$28 -> 637000 | C89: =C88*$E$28 -> 0 | D89: =D88*$E$28 -> 975000 | E89: =E88*$E$28 -> 5044000
A90: number of large rome | B90: =roundup(C51/$D$29,0) -> 16 | C90: =D51/$D$29 -> 0 | D90: =roundup(E51/$D$29,0) -> 25 | E90: =roundup(F62/$D$29,0) -> 127
A91: Approximate cost of large rome | B91: =B90*$E$29 -> 208000 | C91: =C90*$E$29 -> 0 | D91: =D90*$E$29 -> 325000 | E91: =E90*$E$29 -> 1651000
A94: Table StorageCost | B94: Total storage cost estimate | C94: 5 | D94: 0
A95: Year | B95: =B$2 -> 2021 | C95: =C$2 -> 2022 | D95: =D$2 -> 2023 | E95: =E$2 -> 2024
A96: Fast Storage | B96: =(C64)*$B$35 -> 4736.8421 | C96: =(D64)*$B$35 -> 4736.8421 | D96: =(E64)*$B$35 -> 10428 | E96: =(F64)*$B$35 -> 62568
A97: Fast Storage Chile | B97: =C72*$B$35 -> 0 | C97: =D72*$B$35 -> 0 | D97: =E72*$B$35 -> 0 | E97: =F72*$B$35 -> 62568
A98: Normal Storage | B98: =C66*$B$36 -> 32677.227 | C98: =D66*$B$36 -> 4770.2527 | D98: =E66*$B$36 -> 216622.7 | E98: =F66*$B$36 -> 1221576.7
A99: Latent Storage | B99: =C68*$B$37 -> 22296.421 | C99: =D68*$B$37 -> 39018.738 | D99: =E68*$B$37 -> 178711.7 | E99: =F68*$B$37 -> 923177.28
A100: Latent Storage Chile | B100: =C74*$B$37 -> 0 | C100: =D74*$B$37 -> 0 | D100: =E74*$B$37 -> 0 | E100: =F74*$B$37 -> 1163204.1
A101: High Latency Storage | B101: =C70*$B$38 -> 42216.95 | C101: =D70*$B$38 -> 47022.075 | D101: =E70*$B$38 -> 117591.82 | E101: =F70*$B$38 -> 426563.47
A102: Total | B102: =sum(B96:B101) -> 101927.44 | C102: =sum(C96:C101) -> 95547.907 | D102: =sum(D96:D101) -> 523354.22 | E102: =sum(E96:E101) -> 3859657.6
A104: Table overheadCost | B104: Overheads(NCSA) per year based on number of cores in \tabref{tab:Inputs} and costs in \tabref{tab:overheads} assuming Xeon density from \tabref{tab:Machines}. | C104: 5 | D104: 0
A105: Year | B105: =B$2 -> 2021 | C105: =C$2 -> 2022 | D105: =D$2 -> 2023 | E105: =E$2 -> 2024
A106: Total Incremental cores (USA) | B106: =C62-C57 -> 1836.1157 | C106: =D62-D57 -> 0 | D106: =E62-E57 -> 4025.7707 | E106: =F62-F57 -> 14614.356
A107: Total owned cores (USA) | B107: =B51+C51+C54 -> 3528.1157 | C107: =B107+C106 -> 3528.1157 | D107: =C107+D106 -> 7553.8864 | E107: =D107+E106 -> 22168.242
A108: Total owned nodes | B108: =CEILING(B107/$B$26,1)+C58 -> 111 | C108: =CEILING(C107/$B$26,1)+D58 -> 111 | D108: =CEILING(D107/$B$26,1)+E58 -> 251 | E108: =CEILING(E107/$B$26,1)+F58 -> 788
A109: Cost for hosting nodes | B109: =B108*$B$123 -> 62802.272 | C109: =C108*$B$123 -> 62802.272 | D109: =D108*$B$123 -> 142012.35 | E109: =E108*$B$123 -> 445839.55
A110: Total new nodes | B110: =ceiling(B106/$B$26,1)+C59 -> 58 | C110: =ceiling(C106/$B$26,1)+D59 -> 0 | D110: =ceiling(D106/$B$26,1)+E59 -> 140 | E110: =ceiling(E106/$B$26,1)+F59 -> 538
A111: Total new racks | B111: =ceiling(B110/$B$117,1) -> 2 | C111: =ceiling(C110/$B$117,1) -> 0 | D111: =ceiling(D110/$B$117,1) -> 4 | E111: =ceiling(E110/$B$117,1) -> 15
A112: Rack install cost | B112: =B111*$B$118 -> 48000 | C112: =C111*$B$118 -> 0 | D112: =D111*$B$118 -> 96000 | E112: =E111*$B$118 -> 360000
A113: Total Overhead (NCSA) | B113: =B112+B109 -> 110802.27 | C113: =C112+C109 -> 62802.272 | D113: =D112+D109 -> 238012.35 | E113: =E112+E109 -> 805839.55
A115: Table overheads | B115: Overhead costs per rack | C115: 2 | D115: 0
...

Sheet Cloud
A2: Table cloud | B2: We have on going cloud costs and assume some other activities may be on cloud in the future - we make an estimate of those costs here. | C2: 12 | D2: 0 | E2: | l |r |r |r |r |r |r |r |r |r |r |r |r |
A3: Year | B3: 2024 | C3: =B3+1 -> 2025 | D3: =C3+1 -> 2026 | E3: =D3+1 -> 2027 | F3: =E3+1 -> 2028 | G3: =F3+1 -> 2029 | H3: =G3+1 -> 2030 | I3: =H3+1 -> 2031 | J3: =I3+1 -> 2032 | ... M3: =L3+1 -> 2035
A4: Jira Cloud | B4: 80000 | C4: 80000 | D4: 80000 | E4: 80000 | F4: 80000 | G4: 80000 | H4: 80000 | I4: 80000 | J4: 80000 | K4: 80000 | L4: 80000 | M4: 80000
A5: Current actuals | B5: 20000 | C5: 20000 | D5: 20000 | E5: 20000 | F5: 20000 | G5: 20000 | H5: 20000 | I5: 20000 | J5: 20000 | K5: 20000 | L5: 20000 | M5: 20000
A6: RPF sims, V&V | B6: 10000 | C6: 10000 | D6: 10000 | E6: 10000 | F6: 10000 | G6: 10000 | H6: 10000 | I6: 10000 | J6: 10000 | K6: 10000 | L6: 0
A7: Total | B7: =sum(B4:B6) -> 110000 | C7: =sum(C4:C6) -> 110000 | D7: =sum(D4:D6) -> 110000 | E7: =sum(E4:E6) -> 110000 | F7: =sum(F4:F6) -> 110000 | G7: =sum(G4:G6) -> 110000 | H7: =sum(H4:H6) -> 110000 | I7: =sum(I4:I6) -> 110000 | ... M7: =sum(M4:M6) -> 100000
A11: As M$ | B11: =B7/1000000 -> 0.11 | C11: =C7/1000000 -> 0.11 | D11: =D7/1000000 -> 0.11 | E11: =E7/1000000 -> 0.11 | F11: =F7/1000000 -> 0.11 | G11: =G7/1000000 -> 0.11 | H11: =H7/1000000 -> 0.11 | I11: =I7/1000000 -> 0.11 | ... M11: =M7/1000000 -> 0.1
B13: Sims | C13: 8 nodes 12 CPUs 5 days
A15: Table cdacneeds | B15: Hybrid model USDF Cloud Data Access Center required resources. | C15: 4 | D15: 0 | E15: |l |r |r |r
A16: Resource | B16: Year 1 | C16: Year 2 | D16: Year 3
A17: concurrent users | B17: 500 | C17: 600 | D17: 750
A18: cores | B18: 500 | C18: 1000 | D18: 1500
A19: per user storage (GB) | B19: 360 | C19: 460 | D19: 560
A20: CoAdds objectstore (PB) | B20: 2.7 | C20: 2.7 | D20: 2.7
A21: parquet file cache (TB) | B21: 400 | C21: 800 | D21: 1200
A22: Total user storage (TB) | B22: =B17*B19/1000 -> 180 | C22: =C17*C19/1000 -> 276 | D22: =D17*D19/1000 -> 420

Sheet PreOps
A2: Table preOps | B2: This table builds a ramp for build up at SLAC as USDF. These would be purchases to get initial systems in place for the first year of operations. This is based on the Rome processor price and other construction inputs. | C2: 4 | D2: 0 | E2: |l |r |r |r |
A3: Year (Pricing $million) | B3: 2021 | C3: =B3+1 -> 2022 | D3: =C3+1 -> 2023
A4: =concat(concat("Compute (",Model!$G$11), " pricing)") -> Compute (2020 pricing) | B4: =B25 -> 0.02 | C4: =C25 -> 0.04 | D4: =D25 -> 0.43
A5: =concat(concat("Qserv (",Model!$G$11), " pricing)") -> Qserv (2020 pricing) | D5: =Model!D5/1000000 -> 0.28
A6: =concat(concat("Storage (",Model!$G$11), " pricing)") -> Storage (2020 pricing) | B6: =B38/1000000 -> 0.31192744 | C6: =C38/1000000 -> 0.095547907 | D6: =D38/1000000 -> 0.52335422
A7: =concat(concat("Total (",Model!$G$11), " pricing)") -> Total (2020 pricing) | B7: =sum(B4:B6) -> 0.33192744 | C7: =sum(C4:C6) -> 0.13554791 | D7: =sum(D4:D6) -> 1.2333542
A8: Applying price factor (CPU) | B8: =B$4*pow(cpuFac, B$3 -scaleYear) -> 0.018 | C8: =C$4*pow(cpuFac, C$3 -scaleYear) -> 0.0324 | D8: =D$4*pow(cpuFac, D$3 -scaleYear) -> 0.31347
A9: Qserv (applying factor) | B9: =B$5*pow(qservFac, B$3 -scaleYear) -> 0 | C9: =C$5*pow(qservFac, C$3 -scaleYear) -> 0 | D9: =D$5*pow(qservFac, D$3 -scaleYear) -> 0.22160688
A10: Applying price factor (Storage) | B10: =B$6*pow(diskFac, B$3 -scaleYear) -> 0.29633107 | C10: =C$6*pow(diskFac, C$3 -scaleYear) -> 0.086231986 | D10: =D$6*pow(diskFac, D$3 -scaleYear) -> 0.44871082
A11: Hosting Overhead SLAC | B11: =0.05*sum(B8:B10)+0.1 -> 0.11571655 | C11: =0.05*sum(C8:C10)+0.1 -> 0.1059316 | D11: =0.05*sum(D8:D10)+0.1 -> 0.14918938
A12: Total budget (using price factors) | B12: =sum(B8:B11) -> 0.43004762 | C12: =sum(C8:C11) -> 0.22456359 | D12: =sum(D8:D11) -> 1.1329771
A13: =concat("Total Pre Ops hardware to ", $D$3) -> Total Pre Ops hardware to 2023 | B13: =sum(B12:D12) -> 1.7875883 | C13: million
A17: Table preCompute | B17: Preoperations compute build up at USDF, cores we need to purchase per year. | C17: 4 | D17: 0
A18: Year | B18: =B3 -> 2021 | C18: =C3 -> 2022 | D18: =D3 -> 2023
A19: DRP cores (from construction) | B19: 0 | C19: =Model!C50 -> 1836.1157 | D19: =Model!E51 -> 2837.3616
A20: Alerts cores (from construction) | D20: =Model!E53 -> 1188.4091
A21: Dev Cores | B21: 100 | C21: =540-B21 -> 440 | E21: need to check
A22: K8S (science platform) | B22: 100 | D22: =(32*32) - B22 -> 924 | E22: need to check
A23: Total cores | B23: =sum(B19:B22) -> 200 | C23: =sum(C20:C22) -> 440 | D23: =sum(D19:D22) -> 4949.7707
A24: Number of Large Rome USDF | B24: =roundup((B23)/Model!$D$29,0) -> 2 | C24: =roundup((C23)/Model!$D$29,0) -> 4 | D24: =roundup((D23)/Model!$D$29,0) -> 43
A25: =concat(concat("Compute (",Model!$G$11), " pricing)") -> Compute (2020 pricing) | B25: =B24*Model!$E$26/1000000 -> 0.02 | C25: =C24*Model!$E$26/1000000 -> 0.04 | D25: =D24*Model!$E$26/1000000 -> 0.43
A28: Table preStorage | B28: Preoperations storage to be purchaed each year | C28: 4 | D28: 0
A29: Year | B29: =B3 -> 2021 | C29: =C3 -> 2022 | D29: =D3 -> 2023
A30: =Model!A63 -> Fast Storage (TB) | B30: =Model!C64 -> 11.842105 | C30: =Model!D64 -> 11.842105 | D30: =Model!E64 -> 26.07
A31: =Model!A65 -> Normal Storage (TB) | B31: =Model!C65 -> 3466.8175 | C31: =Model!D66 -> 68.146467 | D31: =Model!E66 -> 3094.61
A32: =Model!A67 -> Latent Storage (TB) | B32: =Model!C68 -> 318.52031 | C32: =Model!D68 -> 557.41054 | D32: =Model!E68 -> 2553.0243
A33: =Model!A69 -> High Latency (TB) | B33: =Model!C70 -> 2697.5687 | C33: =Model!D70 -> 3004.6054 | D33: =Model!E70 -> 7513.8542
A34: =concat(concat("Fast (",Model!$G$11), " pricing)") -> Fast (2020 pricing) | B34: =B30*Model!$B$35 -> 4736.8421 | C34: =C30*Model!$B$35 -> 4736.8421 | D34: =D30*Model!$B$35 -> 10428
A35: =concat(concat("Normal (",Model!$G$11), " pricing)") -> Normal (2020 pricing) | B35: =B31*Model!$B$36 -> 242677.23 | C35: =C31*Model!$B$36 -> 4770.2527 | D35: =D31*Model!$B$36 -> 216622.7
A36: =concat(concat("Latent (",Model!$G$11), " pricing)") -> Latent (2020 pricing) | B36: =B32*Model!$B$37 -> 22296.421 | C36: =C32*Model!$B$37 -> 39018.738 | D36: =D32*Model!$B$37 -> 178711.7
A37: =concat(concat("High Latency (",Model!$G$11), " pricing)") -> High Latency (2020 pricing) | B37: =B33*Model!$B$38 -> 42216.95 | C37: =C33*Model!$B$38 -> 47022.075 | D37: =D33*Model!$B$38 -> 117591.82
A38: =concat(concat("Total Storage PreOps (",Model!$G$11), " pricing)") -> Total Storage PreOps (2020 pricing) | B38: =sum(B34:B37) -> 311927.44 | C38: =sum(C34:C37) -> 95547.907 | D38: =sum(D34:D37) -> 523354.22

Sheet Ops Costs
A2: Table opsSummary | B2: This table adds the USDF (see \tabref{tab:opsSumUSDF}) and \tabref{tab:opsChileR} to give total operations hardware costs. | C2: 11 | D2: 0
A3: Year (all prices Million$) | B3: 2024 | C3: =B3+1 -> 2025 | D3: =C3+1 -> 2026 | E3: =D3+1 -> 2027 | F3: =E3+1 -> 2028 | G3: =F3+1 -> 2029 | H3: =G3+1 -> 2030 | I3: =H3+1 -> 2031 | J3: =I3+1 -> 2032 | ... M3: =L3+1 -> 2035
A4: USDF hardware | B4: =B50 -> 4.1975833 | C4: =C50 -> 4.9866885 | D4: =D50 -> 4.9873463 | E4: =E50 -> 5.1334159 | F4: =F50 -> 5.505049 | G4: =G50 -> 7.2092778 | H4: =H50 -> 6.2862525 | I4: =I50 -> 6.3718347 | ... M4: =M50 -> 1.6747273
A5: Chile hardware | B5: =B31 -> 0.96485544 | C5: =C31 -> 0.86578121 | D5: =D31 -> 0.83655788 | E5: =E31 -> 0.70058055 | F5: =F31 -> 0.74634181 | G5: =G31 -> 1.414428 | H5: =H31 -> 1.1461369 | I5: =I31 -> 1.1325883 | ... M5: =M31 -> 0.10987718
A6: Total budget (using price factors) | B6: =sum(B4:B5) -> 5.1624387 | C6: =sum(C4:C5) -> 5.8524698 | D6: =sum(D4:D5) -> 5.8239042 | E6: =sum(E4:E5) -> 5.8339965 | F6: =sum(F4:F5) -> 6.2513908 | G6: =sum(G4:G5) -> 8.6237058 | H6: =sum(H4:H5) -> 7.4323894 | I6: =sum(I4:I5) -> 7.5044231 | ... M6: =sum(M4:M5) -> 1.7846045
A7: =concat("Total Operations hardware to ", $K$3) -> Total Operations hardware to 2033 | B7: =sum(B6:K6) -> 67.170511 | C7: million | D7: =concat("to ",$M$3) -> to 2035 | E7: =sum(B6:M6) -> 72.841942
A9: Table opsSumChile | B9: This table pulls together all the information in a high level summary for Chile operations - in this table Xeon pricing(see \tabref{tab:opsXeonChile}) is used since that is the more expensive but better known option. Price factors, defined in \tabref{tab:Inputs} are applied in all cases - other input values come from \tabref{tab:opsInputs}, \tabref{tab:opsStorageChile}. | C9: 11 | D9: 0
A10: Year (all prices Million$) | B10: =B3 -> 2024 | C10: =C3 -> 2025 | D10: =D3 -> 2026 | E10: =E3 -> 2027 | F10: =F3 -> 2028 | G10: =G3 -> 2029 | H10: =H3 -> 2030 | I10: =I3 -> 2031 | ... M10: =M3 -> 2035 | N10: Total 12 years
A11: =concat(concat("Compute (",Model!$G$11), " pricing)") -> Compute (2020 pricing) | B11: =B115 -> 0.04 | C11: =C115 -> 0.04 | D11: =D115 -> 0.04 | E11: =E115 -> 0.08 | F11: =F115 -> 0.07 | G11: =G115 -> 0.07 | H11: =H115 -> 0.07 | I11: =I115 -> 0.07 | ... K11: =K115 -> 0.07 | L11: =0.5*K11 -> 0.035 | N11: =sum(B11:M11) -> 0.655
A12: =concat(concat("Qserv (",Model!$G$11), " pricing)") -> Qserv (2020 pricing) | B12: =B76 *Model!$E$27/1000000 -> 1.9 | C12: =C76 *Model!$E$27/1000000 -> 2.42 | D12: =D76 *Model!$E$27/1000000 -> 1.86 | E12: =E76 *Model!$E$27/1000000 -> 2.68 | F12: =F76 *Model!$E$27/1000000 -> 2.74 | G12: =G76 *Model!$E$27/1000000 -> 3.6 | H12: =H76 *Model!$E$27/1000000 -> 2.38 | I12: =I76 *Model!$E$27/1000000 -> 2.18 | ... K12: =K76 *Model!$E$27/1000000 -> 3.4 | L12: =0.5*K12 -> 1.7 | N12: =sum(B12:M12) -> 27.64
A13: =concat(concat("Storage (",Model!$G$11), " pricing)") -> Storage (2020 pricing) | B13: =B152 -> 0.8418 | C13: =C152 -> 0.61957 | D13: =D152 -> 0.60393 | E13: =E152 -> 0.42319 | F13: =F152 -> 0.41072 | G13: =G152 -> 1.25299 | H13: =H152 -> 1.03036 | I13: =I152 -> 1.01472 | ... K13: =K152 -> 0.82151 | L13: =0.5*K13 -> 0.410755 | N13: =sum(B13:M13) -> 8.263925
A14: =concat(concat("Total (",Model!$G$11), " pricing)") -> Total (2020 pricing) | B14: =sum(B11:B13) -> 2.7818 | C14: =sum(C11:C13) -> 3.07957 | D14: =sum(D11:D13) -> 2.50393 | E14: =sum(E11:E13) -> 3.18319 | F14: =sum(F11:F13) -> 3.22072 | G14: =sum(G11:G13) -> 4.92299 | H14: =sum(H11:H13) -> 3.48036 | I14: =sum(I11:I13) -> 3.26472 | ... L14: =sum(L11:L13) -> 2.145755 | N14: =sum(B14:M14) -> 36.558925
A15: Applying price factor (CPU) | B15: =B$11*pow(cpuFac, B$10 -scaleYear) -> 0.026244 | C15: =C$11*pow(cpuFac, C$10 -scaleYear) -> 0.0236196 | D15: =D$11*pow(cpuFac, D$10 -scaleYear) -> 0.02125764 | E15: =E$11*pow(cpuFac, E$10 -scaleYear) -> 0.038263752 | F15: =F$11*pow(cpuFac, F$10 -scaleYear) -> 0.030132705 | G15: =G$11*pow(cpuFac, G$10 -scaleYear) -> 0.027119434 | H15: =H$11*pow(cpuFac, H$10 -scaleYear) -> 0.024407491 | I15: =I$11*pow(cpuFac, I$10 -scaleYear) -> 0.021966742 | ... K15: =K$11*pow(cpuFac, K$10 -scaleYear) -> 0.017793061 | L15: =0.5*K15 -> 0.0088965304 | N15: =sum(B15:M15) -> 0.25947102
A16: Qserv (applying factor) | B16: =B$12*pow(qservFac, B$10 -scaleYear) -> 1.3909789 | C16: =C$12*pow(qservFac, C$10 -scaleYear) -> 1.6387927 | D16: =D$12*pow(qservFac, D$10 -scaleYear) -> 1.1651004 | E16: =E$12*pow(qservFac, E$10 -scaleYear) -> 1.5528408 | F16: =F$12*pow(qservFac, F$10 -scaleYear) -> 1.4685354 | G16: =G$12*pow(qservFac, G$10 -scaleYear) -> 1.7847529 | H16: =H$12*pow(qservFac, H$10 -scaleYear) -> 1.091426 | I16: =I$12*pow(qservFac, I$10 -scaleYear) -> 0.92473129 | ... K16: =K$12*pow(qservFac, K$10 -scaleYear) -> 1.2340179 | L16: =0.5*K16 -> 0.61700893 | N16: =sum(B16:M16) -> 13.958986
A17: Applying price factor (Storage) | B17: =B$13*pow(diskFac, B$10 -scaleYear) -> 0.68565136 | C17: =C$13*pow(diskFac, C$10 -scaleYear) -> 0.47941146 | D17: =D$13*pow(diskFac, D$10 -scaleYear) -> 0.44394405 | E17: =E$13*pow(diskFac, E$10 -scaleYear) -> 0.29552936 | F17: =F$13*pow(diskFac, F$10 -scaleYear) -> 0.27248004 | G17: =G$13*pow(diskFac, G$10 -scaleYear) -> 0.78969621 | H17: =H$13*pow(diskFac, H$10 -scaleYear) -> 0.61691459 | I17: =I$13*pow(diskFac, I$10 -scaleYear) -> 0.57717283 | ... K17: =K$13*pow(diskFac, K$10 -scaleYear) -> 0.42171565 | L17: =0.5*K17 -> 0.21085783 | N17: =sum(B17:M17) -> 5.244239
A18: Overhead hosting Chile | B18: =B$188/1000000 -> 0.25296008 | C18: =C188/1000000 -> 0.36275015 | D18: =D188/1000000 -> 0.3713562 | E18: =E188/1000000 -> 0.36678743 | F18: =F188/1000000 -> 0.44372907 | G18: =G188/1000000 -> 0.59761233 | H18: =H188/1000000 -> 0.50481477 | I18: =I188/1000000 -> 0.53344877 | J18: =J188/1000000 -> 0.53344877 | ... L18: =L188/1000000 -> 0.46761789 | N18: =sum(B18:M18) -> 5.0482739
A19: Total budget (using price factors) | B19: =sum(B15:B18) -> 2.3558343 | C19: =sum(C15:C18) -> 2.5045739 | D19: =sum(D15:D18) -> 2.0016583 | E19: =sum(E15:E18) -> 2.2534213 | F19: =sum(F15:F18) -> 2.2148772 | G19: =sum(G15:G18) -> 3.1991809 | H19: =sum(H15:H18) -> 2.2375628 | I19: =sum(I15:I18) -> 2.0573196 | ... L19: =sum(L15:L18) -> 1.3043812 | N19: =sum(B19:M19) -> 24.51097
A20: =concat("Total Operations hardware to ", $K$3) -> Total Operations hardware to 2033 | B20: =sum(B19:K19) -> 23.206589 | C20: million | D20: =concat("to ",$M$3) -> to 2035 | E20: =sum(B19:M19) -> 24.51097
A23: Table opsChileR | B23: "This table pulls together all the information in a high level summary for Chile operations - in this table Rome pricing(see \tabref{tab:opsRomeChile}) is used Price factors, defined in \tabref{tab:Inputs} are applied in all cases - other input values come from \tabref{tab:opsInputs}, \tabref{tab:opsStorageChile}. | C23: 11 | D23: 0
A24: Year (all prices Million$) | B24: =B$3 -> 2024 | C24: =C$3 -> 2025 | D24: =D$3 -> 2026 | E24: =E$3 -> 2027 | F24: =F$3 -> 2028 | G24: =G$3 -> 2029 | H24: =H$3 -> 2030 | I24: =I$3 -> 2031 | ... M24: =M$3 -> 2035 | N24: Total 12 years
A25: =concat(concat("Compute (",Model!$G$11), " pricing)") -> Compute (2020 pricing) | B25: =B136 -> 0.039 | C25: =C136 -> 0.039 | D25: =D136 -> 0.039 | E25: =E136 -> 0.078 | F25: =F136 -> 0.078 | G25: =G136 -> 0.078 | H25: =H136 -> 0.078 | I25: =I136 -> 0.078 | ... K25: =K136 -> 0.078 | L25: =0.5*K25 -> 0.039 | M25: =0.5*L25 -> 0.0195 | N25: =sum(B25:M25) -> 0.7215
A26: =concat(concat("Storage (",Model!$G$11), " pricing)") -> Storage (2020 pricing) | B26: =B152 -> 0.8418 | C26: =C152 -> 0.61957 | D26: =D152 -> 0.60393 | E26: =E152 -> 0.42319 | F26: =F152 -> 0.41072 | G26: =G152 -> 1.25299 | H26: =H152 -> 1.03036 | I26: =I152 -> 1.01472 | ... K26: =K152 -> 0.82151 | L26: =0.5*K26 -> 0.410755 | M26: =0.5*L26 -> 0.2053775 | N26: =sum(B26:M26) -> 8.4693025
A27: =concat(concat("Total (",Model!$G$11), " pricing)") -> Total (2020 pricing) | B27: =sum(B25:B26) -> 0.8808 | C27: =sum(C25:C26) -> 0.65857 | D27: =sum(D25:D26) -> 0.64293 | E27: =sum(E25:E26) -> 0.50119 | F27: =sum(F25:F26) -> 0.48872 | G27: =sum(G25:G26) -> 1.33099 | H27: =sum(H25:H26) -> 1.10836 | I27: =sum(I25:I26) -> 1.09272 | ... K27: =sum(K25:K26) -> 0.89951 | L27: =0.5*K27 -> 0.449755 | M27: =0.5*L27 -> 0.2248775 | N27: =sum(B27:M27) -> 9.1908025
A28: Applying price factor (CPU) | B28: =B$11*pow(cpuFac, B$10 -scaleYear) -> 0.026244 | C28: =C$11*pow(cpuFac, C$10 -scaleYear) -> 0.0236196 | D28: =D$11*pow(cpuFac, D$10 -scaleYear) -> 0.02125764 | E28: =E$11*pow(cpuFac, E$10 -scaleYear) -> 0.038263752 | F28: =F$11*pow(cpuFac, F$10 -scaleYear) -> 0.030132705 | G28: =G$11*pow(cpuFac, G$10 -scaleYear) -> 0.027119434 | H28: =H$11*pow(cpuFac, H$10 -scaleYear) -> 0.024407491 | I28: =I$11*pow(cpuFac, I$10 -scaleYear) -> 0.021966742 | ... K28: =K$11*pow(cpuFac, K$10 -scaleYear) -> 0.017793061 | L28: =0.5*K28 -> 0.0088965304 | M28: =0.5*L28 -> 0.0044482652 | N28: =sum(B28:M28) -> 0.26391929
A29: Applying price factor (Storage) | B29: =B$26*pow(diskFac, B$10 -scaleYear) -> 0.68565136 | C29: =C$26*pow(diskFac, C$10 -scaleYear) -> 0.47941146 | D29: =D$26*pow(diskFac, D$10 -scaleYear) -> 0.44394405 | E29: =E$26*pow(diskFac, E$10 -scaleYear) -> 0.29552936 | F29: =F$26*pow(diskFac, F$10 -scaleYear) -> 0.27248004 | G29: =G$26*pow(diskFac, G$10 -scaleYear) -> 0.78969621 | H29: =H$26*pow(diskFac, H$10 -scaleYear) -> 0.61691459 | I29: =I$26*pow(diskFac, I$10 -scaleYear) -> 0.57717283 | ... K29: =K$26*pow(diskFac, K$10 -scaleYear) -> 0.42171565 | L29: =0.5*K29 -> 0.21085783 | M29: =0.5*L29 -> 0.10542891 | N29: =sum(B29:M29) -> 5.3496679
A30: Overhead hosting Chile | B30: =B$188/1000000 -> 0.25296008 | C30: =C$188/1000000 -> 0.36275015 | D30: =D$188/1000000 -> 0.3713562 | E30: =E$188/1000000 -> 0.36678743 | F30: =F$188/1000000 -> 0.44372907 | G30: =G$188/1000000 -> 0.59761233 | H30: =H$188/1000000 -> 0.50481477 | I30: =I$188/1000000 -> 0.53344877 | ... M30: =M$188/1000000 -> 0 | N30: =sum(B30:M30) -> 5.0482739
A31: Total budget (using price factors) | B31: =sum(B28:B30) -> 0.96485544 | C31: =sum(C28:C30) -> 0.86578121 | D31: =sum(D28:D30) -> 0.83655788 | E31: =sum(E28:E30) -> 0.70058055 | F31: =sum(F28:F30) -> 0.74634181 | G31: =sum(G28:G30) -> 1.414428 | H31: =sum(H28:H30) -> 1.1461369 | I31: =sum(I28:I30) -> 1.1325883 | ... M31: =sum(M28:M30) -> 0.10987718 | N31: =sum(B31:M31) -> 10.661861
A32: =concat("Total Chile hardware to ", $K$3) -> Total Chile hardware to 2033 | B32: =sum(B31:K31) -> 9.8646117 | C32: million | D32: =concat("to ",$M$3) -> to 2035 | E32: =sum(B31:M31) -> 10.661861
A34: Table opsSumUSDF | B34: This table pulls together all the information in a high level summary for USDF operations - in this table Rome pricing(see \tabref{tab:opsRomeUSDF}). Price factors, defined in \tabref{tab:Inputs} are applied in all cases - other input values come from \tabref{tab:opsInputs}, \tabref{tab:opsStorageUSDF}. | C34: 11 | D34: 0
A35: Year (all prices Million$) | B35: =B3 -> 2024 | C35: =C3 -> 2025 | D35: =D3 -> 2026 | E35: =E3 -> 2027 | F35: =F3 -> 2028 | G35: =G3 -> 2029 | H35: =H3 -> 2030 | I35: =I3 -> 2031 | ... M35: =M3 -> 2035 | N35: 10-year Total | O35: 12-year Total
A36: =concat(concat("Compute (",Model!$G$11), " pricing) DRP") -> Compute (2020 pricing) DRP | B36: =B127 -> 0.806 | C36: =C127 -> 0.858 | D36: =D127 -> 1.274 | E36: =E127 -> 1.755 | F36: =F127 -> 1.807 | G36: =G127 -> 1.911 | H36: =H127 -> 1.911 | I36: =I127 -> 1.911 | ... K36: =K127 -> 1.911 | L36: =0.5*K36 -> 0.9555 | M36: =0.5*L36 -> 0.47775 | N36: =sum(B36:K36) -> 16.055 | O36: =sum(B36:M36) -> 17.48825
A37: =concat(concat("Compute (",Model!$G$11), " pricing) DAC") -> Compute (2020 pricing) DAC | B37: =B129 -> 0.052 | C37: =C129 -> 0.052 | D37: =D129 -> 0.078 | E37: =E129 -> 0.104 | F37: =F129 -> 0.104 | G37: =G129 -> 0.117 | H37: =H129 -> 0.117 | I37: =I129 -> 0.117 | ... K37: =K129 -> 0.117 | L37: =0.5*K37 -> 0.0585 | M37: =0.5*L37 -> 0.02925 | N37: =sum(B37:K37) -> 0.975 | O37: =sum(B37:M37) -> 1.06275
A38: =concat(concat("Compute (",Model!$G$11), " pricing) AP") -> Compute (2020 pricing) AP | B38: =B131 -> 0 | C38: =C131 -> 0 | D38: =D131 -> 0.143 | E38: =E131 -> 0 | F38: =F131 -> 0 | G38: =G131 -> 0.143 | H38: =H131 -> 0 | I38: =I131 -> 0 | ... K38: =K131 -> 0 | L38: =0.5*K38 -> 0 | M38: =0.5*L38 -> 0 | N38: =sum(B38:K38) -> 0.429 | O38: =sum(B38:M38) -> 0.429
A39: =concat(concat("Qserv (",Model!$G$11), " pricing)") -> Qserv (2020 pricing) | B39: =(B74)*Model!$E$27/1000000 -> 1.62 | C39: =(C74)*Model!$E$27/1000000 -> 2.42 | D39: =(D74)*Model!$E$27/1000000 -> 1.86 | E39: =(E74)*Model!$E$27/1000000 -> 2.4 | F39: =(F74)*Model!$E$27/1000000 -> 2.74 | G39: =(G74)*Model!$E$27/1000000 -> 3.6 | H39: =(H74)*Model!$E$27/1000000 -> 2.1 | I39: =(I74)*Model!$E$27/1000000 -> 2.18 | ... K39: =(K74)*Model!$E$27/1000000 -> 3.12 | L39: =0.5*K39 -> 1.56 | M39: =0.5*L39 -> 0.78 | N39: =sum(B39:K39) -> 24.82 | O39: =sum(B39:M39) -> 27.16
A40: =concat(concat("Storage (",Model!$G$11), " pricing)") -> Storage (2020 pricing) | B40: =B160 -> 2.6338854 | C40: =C160 -> 3.0963374 | D40: =D160 -> 3.7053434 | E40: =E160 -> 3.776509 | F40: =F160 -> 4.38916 | G40: =G160 -> 6.4224425 | H40: =H160 -> 6.9239854 | I40: =I160 -> 7.535882 | ... K40: =K160 -> 7.8267012 | L40: =0.5*K40 -> 3.9133506 | M40: =0.5*L40 -> 1.9566753 | N40: =sum(B40:K40) -> 53.918829 | O40: =sum(B40:M40) -> 59.788855
A41: Total (2019 pricing) | B41: =sum(B36:B40) -> 5.1118854 | C41: =sum(C36:C40) -> 6.4263374 | D41: =sum(D36:D40) -> 7.0603434 | E41: =sum(E36:E40) -> 8.035509 | F41: =sum(F36:F40) -> 9.04016 | G41: =sum(G36:G40) -> 12.193442 | H41: =sum(H36:H40) -> 11.051985 | I41: =sum(I36:I40) -> 11.743882 | ... M41: =sum(M36:M40) -> 3.2436753 | N41: =sum(B41:K41) -> 96.197829 | O41: =sum(B41:M41) -> 105.92885
A42: Applying price factor - DRP (CPU) | B42: =B36*pow(cpuFac, B35 -scaleYear) -> 0.5288166 | C42: =C36*pow(cpuFac, C35 -scaleYear) -> 0.50664042 | D42: =D36*pow(cpuFac, D35 -scaleYear) -> 0.67705583 | E42: =E36*pow(cpuFac, E35 -scaleYear) -> 0.83941106 | F42: =F36*pow(cpuFac, F35 -scaleYear) -> 0.77785425 | G42: =G36*pow(cpuFac, G35 -scaleYear) -> 0.74036055 | H42: =H36*pow(cpuFac, H35 -scaleYear) -> 0.6663245 | I42: =I36*pow(cpuFac, I35 -scaleYear) -> 0.59969205 | ... K42: =K36*pow(cpuFac, K35 -scaleYear) -> 0.48575056 | L42: =0.5*K42 -> 0.24287528 | M42: =0.5*L42 -> 0.12143764 | N42: =sum(B42:K42) -> 6.3616287 | O42: =sum(B42:M42) -> 6.7259416
A43: Applying price factor - DAC (CPU) | B43: =B37*pow(cpuFac, B35 -scaleYear) -> 0.0341172 | C43: =C37*pow(cpuFac, C35 -scaleYear) -> 0.03070548 | D43: =D37*pow(cpuFac, D35 -scaleYear) -> 0.041452398 | E43: =E37*pow(cpuFac, E35 -scaleYear) -> 0.049742878 | F43: =F37*pow(cpuFac, F35 -scaleYear) -> 0.04476859 | G43: =G37*pow(cpuFac, G35 -scaleYear) -> 0.045328197 | H43: =H37*pow(cpuFac, H35 -scaleYear) -> 0.040795377 | I43: =I37*pow(cpuFac, I35 -scaleYear) -> 0.03671584 | ... K43: =K37*pow(cpuFac, K35 -scaleYear) -> 0.02973983 | L43: =0.5*K43 -> 0.014869915 | M43: =0.5*L43 -> 0.0074349575 | N43: =sum(B43:K43) -> 0.38641005 | O43: =sum(B43:M43) -> 0.40871492
A44: Applying price factor - AP (CPU) | B44: =B38*pow(cpuFac, B35 -scaleYear) -> 0 | C44: =C38*pow(cpuFac, C35 -scaleYear) -> 0 | D44: =D38*pow(cpuFac, D35 -scaleYear) -> 0.075996063 | E44: =E38*pow(cpuFac, E35 -scaleYear) -> 0 | F44: =F38*pow(cpuFac, F35 -scaleYear) -> 0 | G44: =G38*pow(cpuFac, G35 -scaleYear) -> 0.05540113 | H44: =H38*pow(cpuFac, H35 -scaleYear) -> 0 | I44: =I38*pow(cpuFac, I35 -scaleYear) -> 0 | ... K44: =K38*pow(cpuFac, K35 -scaleYear) -> 0 | L44: =0.5*K44 -> 0 | M44: =0.5*L44 -> 0 | N44: =sum(B44:K44) -> 0.17178462 | O44: =sum(B44:M44) -> 0.17178462
A45: IN2P3 (40% of compute) | B45: =-(B42*0.4) -> -0.21152664 | C45: =-(C42*0.4) -> -0.20265617 | D45: =-(D42*0.4) -> -0.27082233 | E45: =-(E42*0.4) -> -0.33576442 | F45: =-(F42*0.4) -> -0.3111417 | G45: =-(G42*0.4) -> -0.29614422 | H45: =-(H42*0.4) -> -0.2665298 | I45: =-(I42*0.4) -> -0.23987682 | ... M45: =-(M42*0.4) -> -0.048575056 | N45: =sum(B45:K45) -> -2.5446515 | O45: =sum(B45:M45) -> -2.6903766
A46: UKDF (25% of compute) | B46: =-(B$42/4) -> -0.13220415 | C46: =-(C$42/4) -> -0.1266601 | D46: =-(D$42/4) -> -0.16926396 | E46: =-(E$42/4) -> -0.20985276 | F46: =-(F$42/4) -> -0.19446356 | G46: =-(G$42/4) -> -0.18509014 | H46: =-(H$42/4) -> -0.16658112 | I46: =-(I$42/4) -> -0.14992301 | ... K46: =-(K$42/4) -> -0.12143764 | L46: =0.5*K46 -> -0.06071882 | M46: =0.5*L46 -> -0.03035941 | N46: =sum(B46:K46) -> -1.5904072 | O46: =sum(B46:M46) -> -1.6814854 | P46: =sum(B46:M46) -> -1.6814854
A47: Qserv (applying factor) | B47: =B$39*pow(qservFac, B$35 -scaleYear) -> 1.1859925 | C47: =C$39*pow(qservFac, C$35 -scaleYear) -> 1.6387927 | D47: =D$39*pow(qservFac, D$35 -scaleYear) -> 1.1651004 | E47: =E$39*pow(qservFac, E$35 -scaleYear) -> 1.3906037 | F47: =F$39*pow(qservFac, F$35 -scaleYear) -> 1.4685354 | G47: =G$39*pow(qservFac, G$35 -scaleYear) -> 1.7847529 | H47: =H$39*pow(qservFac, H$35 -scaleYear) -> 0.96302292 | I47: =I$39*pow(qservFac, I$35 -scaleYear) -> 0.92473129 | ... K47: =K$39*pow(qservFac, K$35 -scaleYear) -> 1.1323929 | L47: =0.5*K47 -> 0.56619643 | M47: =0.5*L47 -> 0.28309821 | N47: =sum(B47:K47) -> 12.744726 | O47: =sum(B47:M47) -> 13.59402
A48: Applying price factor (Storage) | B48: =B$40*pow(diskFac, B$35 -scaleYear) -> 2.1453161 | C48: =C$40*pow(diskFac, C$35 -scaleYear) -> 2.3958869 | D48: =D$40*pow(diskFac, D$35 -scaleYear) -> 2.7237679 | E48: =E$40*pow(diskFac, E$35 -scaleYear) -> 2.6372771 | F48: =F$40*pow(diskFac, F$35 -scaleYear) -> 2.9118584 | G48: =G$40*pow(diskFac, G$35 -scaleYear) -> 4.0477406 | H48: =H$40*pow(diskFac, H$35 -scaleYear) -> 4.1456458 | I48: =I$40*pow(diskFac, I$35 -scaleYear) -> 4.2864104 | ... K48: =K$40*pow(diskFac, K$35 -scaleYear) -> 4.0177751 | L48: =0.5*K48 -> 2.0088875 | M48: =0.5*L48 -> 1.0044438 | N48: =sum(B48:K48) -> 33.423053 | O48: =sum(B48:M48) -> 36.436384
A49: Hosting Overhead SLAC | B49: =0.14*sum(B42:B48)+0.15 -> 0.64707163 | C49: =0.14*sum(C42:C48)+0.15 -> 0.7439793 | D49: =0.14*sum(D42:D48)+0.15 -> 0.74406007 | E49: =0.14*sum(E42:E48)+0.15 -> 0.76199845 | F49: =0.14*sum(F42:F48)+0.15 -> 0.8076376 | G49: =0.14*sum(G42:G48)+0.15 -> 1.0169289 | H49: =0.14*sum(H42:H48)+0.15 -> 0.90357487 | I49: =0.14*sum(I42:I48)+0.15 -> 0.91408497 | ... M49: =0.14*sum(M42:M48)+0.15 -> 0.33724722 | N49: =sum(B49:K49) -> 8.353356 | O49: =sum(B49:M49) -> 9.2150977
A50: Total budget (using price factors) | B50: =sum(B42:B49) -> 4.1975833 | C50: =sum(C42:C49) -> 4.9866885 | D50: =sum(D42:D49) -> 4.9873463 | E50: =sum(E42:E49) -> 5.1334159 | F50: =sum(F42:F49) -> 5.505049 | G50: =sum(G42:G49) -> 7.2092778 | H50: =sum(H42:H49) -> 6.2862525 | I50: =sum(I42:I49) -> 6.3718347 | ... O50: =sum(O42:O49) -> 62.180081
A51: =concat("Total Operations hardware to ", $K$3) -> Total Operations hardware to 2033 | B51: =sum(B50:K50) -> 57.305899 | C51: million | D51: =concat("to ",$M$3) -> to 2035 | E51: =sum(B50:M50) -> 62.180081
A52: Copy of Total Budget diff format | B52: =B50*1000000 -> 4197583.3 | C52: =C50*1000000 -> 4986688.5 | D52: =D50*1000000 -> 4987346.3 | E52: =E50*1000000 -> 5133415.9 | F52: =F50*1000000 -> 5505049 | G52: =G50*1000000 -> 7209277.8 | H52: =H50*1000000 -> 6286252.5 | I52: =I50*1000000 -> 6371834.7 | ... M52: =M50*1000000 -> 1674727.3
A54: Table opsInputs | B54: Various inputs for deriving costs in operations - these drive the costs in \tabref{tab:opsSummary}. This is based on \tabref{tab:opsXeon}, \tabref{tab:opsStorageCost} | C54: 11 | D54: 0
A55: Year | B55: =B3 -> 2024 | C55: =C3 -> 2025 | D55: =D3 -> 2026 | E55: =E3 -> 2027 | F55: =F3 -> 2028 | G55: =G3 -> 2029 | H55: =H3 -> 2030 | I55: =I3 -> 2031 | ... K55: =K3 -> 2033
A56: Core-hours Needed Total (DRP) | B56: ='Ops Compute'!C4 -> 45264684 | C56: ='Ops Compute'!D4 -> 81716014 | D56: ='Ops Compute'!E4 -> 1.2257402e+08 | E56: ='Ops Compute'!F4 -> 1.6343203e+08 | F56: ='Ops Compute'!G4 -> 2.0429003e+08 | G56: ='Ops Compute'!H4 -> 2.4514804e+08 | H56: ='Ops Compute'!I4 -> 2.8600605e+08 | I56: ='Ops Compute'!J4 -> 3.2686405e+08 | ... K56: ='Ops Compute'!L4 -> 4.0858007e+08
A57: Core-hours Annual Increase | B57: =Model!F47 -> 34048339 | C57: =C56-B56 -> 36451329 | D57: =D56-C56 -> 40858007 | E57: =E56-D56 -> 40858007 | F57: =F56-E56 -> 40858007 | G57: =G56-F56 -> 40858007 | H57: =H56-G56 -> 40858007 | I57: =I56-H56 -> 40858007 | J57: =J56-I56 -> 40858007 | K57: =K56-J56 -> 40858007
A58: Time to Process days | B58: 200 | C58: 200 | D58: 200 | E58: 200 | F58: 200 | G58: 200 | H58: 200 | I58: 200 | J58: 200 | K58: 200
A59: Time to Process hours | B59: =B58*24 -> 4800 | C59: =C58*24 -> 4800 | D59: =D58*24 -> 4800 | E59: =E58*24 -> 4800 | F59: =F58*24 -> 4800 | G59: =G58*24 -> 4800 | H59: =H58*24 -> 4800 | I59: =I58*24 -> 4800 | ... K59: =K58*24 -> 4800
A60: Cores (DRP) Annual increase | B60: =B57/B59 -> 7093.404 | C60: =C57/C59 -> 7594.0269 | D60: =D57/D59 -> 8512.0847 | E60: =E57/E59 -> 8512.0847 | F60: =F57/F59 -> 8512.0847 | G60: =G57/G59 -> 8512.0847 | H60: =H57/H59 -> 8512.0847 | I60: =I57/I59 -> 8512.0847 | ... K60: =K57/K59 -> 8512.0847
A61: Cores (DRP) Annual refresh | B61: {=if(column()<=computeLifetime, "", if(column()=computeLifetime+1, Model!$E$51, index($B60:$K60,1,column()-computeLifetime-1)))} | C61: {=if(column()<=computeLifetime, "", if(column()=computeLifetime+1, Model!$E$51, index($B60:$K60,1,column()-computeLifetime-1)))} | D61: {=if(column()<=computeLifetime, "", if(column()=computeLifetime+1, Model!$E$51, index($B60:$K60,1,column()-computeLifetime-1)))} -> 2837.3616 | E61: {=if(column()<=computeLifetime, "", if(column()=computeLifetime+1, Model!$E$51, index($B60:$K60,1,column()-computeLifetime-1)))} -> 7093.404 | F61: {=if(column()<=computeLifetime, "", if(column()=computeLifetime+1, Model!$E$51, index($B60:$K60,1,column()-computeLifetime-1)))} -> 7594.0269 | G61: {=if(column()<=computeLifetime, "", if(column()=computeLifetime+1, Model!$E$51, index($B60:$K60,1,column()-computeLifetime-1)))} -> 8512.0847 | H61: {=if(column()<=computeLifetime, "", if(column()=computeLifetime+1, Model!$E$51, index($B60:$K60,1,column()-computeLifetime-1)))} -> 8512.0847 | I61: {=if(column()<=computeLifetime, "", if(column()=computeLifetime+1, Model!$E$51, index($B60:$K60,1,column()-computeLifetime-1)))} -> 8512.0847 | ... K61: {=if(column()<=computeLifetime, "", if(column()=computeLifetime+1, Model!$E$51, index($B60:$K60,1,column()-computeLifetime-1)))} -> 8512.0847
A62: Cores (DRP) Annual purchase | B62: =B60+B61 -> 7093.404 | C62: =C60+C61 -> 7594.0269 | D62: =D60+D61 -> 11349.446 | E62: =E60+E61 -> 15605.489 | F62: =F60+F61 -> 16106.112 | G62: =G60+G61 -> 17024.169 | H62: =H60+H61 -> 17024.169 | I62: =I60+I61 -> 17024.169 | ... K62: =K60+K61 -> 17024.169
A63: Cores (Alerts) | B63: ='Ops Compute'!C7 -> 1188.4091 | C63: ='Ops Compute'!D7 -> 1188.4091 | D63: ='Ops Compute'!E7 -> 1188.4091 | E63: ='Ops Compute'!F7 -> 1188.4091 | F63: ='Ops Compute'!G7 -> 1188.4091 | G63: ='Ops Compute'!H7 -> 1188.4091 | H63: ='Ops Compute'!I7 -> 1188.4091 | I63: ='Ops Compute'!J7 -> 1188.4091 | ... K63: ='Ops Compute'!L7 -> 1188.4091
A64: Cores (Alerts) Annual refresh | B64: =if(column()<=computeLifetime, "", if(mod(column(), computeLifetime)=1, B63,"")) | C64: =if(column()<=computeLifetime, "", if(mod(column(), computeLifetime)=1, C63,"")) | D64: =if(column()<=computeLifetime, "", if(mod(column(), computeLifetime)=1, D63,"")) -> 1188.4091 | E64: =if(column()<=computeLifetime, "", if(mod(column(), computeLifetime)=1, E63,"")) | F64: =if(column()<=computeLifetime, "", if(mod(column(), computeLifetime)=1, F63,"")) | G64: =if(column()<=computeLifetime, "", if(mod(column(), computeLifetime)=1, G63,"")) -> 1188.4091 | H64: =if(column()<=computeLifetime, "", if(mod(column(), computeLifetime)=1, H63,"")) | I64: =if(column()<=computeLifetime, "", if(mod(column(), computeLifetime)=1, I63,"")) | ... K64: =if(column()<=computeLifetime, "", if(mod(column(), computeLifetime)=1, K63,""))
A65: Cores (US DAC/Staff) | B65: =Model!F54 -> 568.39216 | C65: ='Ops Compute'!D10 -> 932.8312 | D65: ='Ops Compute'!E10 -> 1399.2468 | E65: ='Ops Compute'!F10 -> 1865.6624 | F65: ='Ops Compute'!G10 -> 2332.078 | G65: ='Ops Compute'!H10 -> 2798.4936 | H65: ='Ops Compute'!I10 -> 3264.9092 | I65: ='Ops Compute'!J10 -> 3731.3248 | J65: ='Ops Compute'!K10 -> 4197.7404 | K65: ='Ops Compute'!L10 -> 4664.156
A66: Cores (US DAC/Staff) Annual increase | B66: =Model!F55 -> 427.54764 | C66: =C65-B65 -> 364.43905 | D66: =D65-C65 -> 466.4156 | E66: =E65-D65 -> 466.4156 | F66: =F65-E65 -> 466.4156 | G66: =G65-F65 -> 466.4156 | H66: =H65-G65 -> 466.4156 | I66: =I65-H65 -> 466.4156 | J66: =J65-I65 -> 466.4156 | K66: =K65-J65 -> 466.4156
A67: Cores (US DAC/Staff) Annual refresh | B67: {=if(column()<=computeLifetime, "", if(column()=computeLifetime+1, Model!$E$54, index($B66:$K66,1,column()-computeLifetime-1)))} | C67: {=if(column()<=computeLifetime, "", if(column()=computeLifetime+1, Model!$E$54, index($B66:$K66,1,column()-computeLifetime-1)))} | D67: {=if(column()<=computeLifetime, "", if(column()=computeLifetime+1, Model!$E$54, index($B66:$K66,1,column()-computeLifetime-1)))} -> 140.84452 | E67: {=if(column()<=computeLifetime, "", if(column()=computeLifetime+1, Model!$E$54, index($B66:$K66,1,column()-computeLifetime-1)))} -> 427.54764 | F67: {=if(column()<=computeLifetime, "", if(column()=computeLifetime+1, Model!$E$54, index($B66:$K66,1,column()-computeLifetime-1)))} -> 364.43905 | G67: {=if(column()<=computeLifetime, "", if(column()=computeLifetime+1, Model!$E$54, index($B66:$K66,1,column()-computeLifetime-1)))} -> 466.4156 | H67: {=if(column()<=computeLifetime, "", if(column()=computeLifetime+1, Model!$E$54, index($B66:$K66,1,column()-computeLifetime-1)))} -> 466.4156 | I67: {=if(column()<=computeLifetime, "", if(column()=computeLifetime+1, Model!$E$54, index($B66:$K66,1,column()-computeLifetime-1)))} -> 466.4156 | ... K67: {=if(column()<=computeLifetime, "", if(column()=computeLifetime+1, Model!$E$54, index($B66:$K66,1,column()-computeLifetime-1)))} -> 466.4156
A68: Cores (US DAC/Staff) Annual purchase | B68: =B66+B67 -> 427.54764 | C68: =C66+C67 -> 364.43905 | D68: =D66+D67 -> 607.26012 | E68: =E66+E67 -> 893.96324 | F68: =F66+F67 -> 830.85465 | G68: =G66+G67 -> 932.8312 | H68: =H66+H67 -> 932.8312 | I68: =I66+I67 -> 932.8312 | ... K68: =K66+K67 -> 932.8312
A69: Cores (Chilean DAC) | B69: ='Ops Compute'!C16 -> 103.34403 | C69: ='Ops Compute'!D16 -> 186.56624 | D69: ='Ops Compute'!E16 -> 279.84936 | E69: ='Ops Compute'!F16 -> 373.13248 | F69: ='Ops Compute'!G16 -> 466.4156 | G69: ='Ops Compute'!H16 -> 559.69872 | H69: ='Ops Compute'!I16 -> 652.98184 | I69: ='Ops Compute'!J16 -> 746.26496 | ... K69: ='Ops Compute'!L16 -> 932.8312
A70: Cores (Chilean DAC) Annual increase | B70: =Model!F57 -> 103.34403 | C70: =C69-B69 -> 83.222213 | D70: =D69-C69 -> 93.28312 | E70: =E69-D69 -> 93.28312 | F70: =F69-E69 -> 93.28312 | G70: =G69-F69 -> 93.28312 | H70: =H69-G69 -> 93.28312 | I70: =I69-H69 -> 93.28312 | J70: =J69-I69 -> 93.28312 | K70: =K69-J69 -> 93.28312
A71: Cores (Chilean DAC) Annual refresh | B71: {=if(column()<=computeLifetime, "", if(column()=computeLifetime+1, Model!$E$57, index($B70:$K70,1,column()-computeLifetime-1)))} | C71: {=if(column()<=computeLifetime, "", if(column()=computeLifetime+1, Model!$E$57, index($B70:$K70,1,column()-computeLifetime-1)))} | D71: {=if(column()<=computeLifetime, "", if(column()=computeLifetime+1, Model!$E$57, index($B70:$K70,1,column()-computeLifetime-1)))} -> 0 | E71: {=if(column()<=computeLifetime, "", if(column()=computeLifetime+1, Model!$E$57, index($B70:$K70,1,column()-computeLifetime-1)))} -> 103.34403 | F71: {=if(column()<=computeLifetime, "", if(column()=computeLifetime+1, Model!$E$57, index($B70:$K70,1,column()-computeLifetime-1)))} -> 83.222213 | G71: {=if(column()<=computeLifetime, "", if(column()=computeLifetime+1, Model!$E$57, index($B70:$K70,1,column()-computeLifetime-1)))} -> 93.28312 | H71: {=if(column()<=computeLifetime, "", if(column()=computeLifetime+1, Model!$E$57, index($B70:$K70,1,column()-computeLifetime-1)))} -> 93.28312 | I71: {=if(column()<=computeLifetime, "", if(column()=computeLifetime+1, Model!$E$57, index($B70:$K70,1,column()-computeLifetime-1)))} -> 93.28312 | ... K71: {=if(column()<=computeLifetime, "", if(column()=computeLifetime+1, Model!$E$57, index($B70:$K70,1,column()-computeLifetime-1)))} -> 93.28312
A72: Cores (Chilean DAC) Annual purchase | B72: =B70+B71 -> 103.34403 | C72: =C70+C71 -> 83.222213 | D72: =D70+D71 -> 93.28312 | E72: =E70+E71 -> 196.62715 | F72: =F70+F71 -> 176.50533 | G72: =G70+G71 -> 186.56624 | H72: =H70+H71 -> 186.56624 | I72: =I70+I71 -> 186.56624 | ... K72: =K70+K71 -> 186.56624
A73: Qserv nodes (US DAC/Staff) | B73: ='Ops Compute'!C12 -> 95 | C73: ='Ops Compute'!D12 -> 216 | D73: ='Ops Compute'!E12 -> 309 | E73: ='Ops Compute'!F12 -> 348 | F73: ='Ops Compute'!G12 -> 364 | G73: ='Ops Compute'!H12 -> 451 | H73: ='Ops Compute'!I12 -> 436 | I73: ='Ops Compute'!J12 -> 408 | ... K73: ='Ops Compute'!L12 -> 418
A74: Qserv nodes (US DAC/Staff) Annual Increase | B74: =Model!F59 -> 81 | C74: =C73-B73 -> 121 | D74: =D73-C73 -> 93 | E74: =E73-D73+B74 -> 120 | F74: =F73-E73+C74 -> 137 | G74: =G73-F73+D74 -> 180 | H74: =H73-G73+E74 -> 105 | I74: =I73-H73+F74 -> 109 | J74: =J73-I73+G74 -> 139 | K74: =K73-J73+H74 -> 156
A75: Qserv nodes (Chilean DAC) | B75: ='Ops Compute'!C17 -> 95 | C75: ='Ops Compute'!D17 -> 216 | D75: ='Ops Compute'!E17 -> 309 | E75: ='Ops Compute'!F17 -> 348 | F75: ='Ops Compute'!G17 -> 364 | G75: ='Ops Compute'!H17 -> 451 | H75: ='Ops Compute'!I17 -> 436 | I75: ='Ops Compute'!J17 -> 408 | ... K75: ='Ops Compute'!L17 -> 418
A76: Qserv nodes (Chilean DAC) Annual Increase | B76: =Model!F61 -> 95 | C76: =C75-B75 -> 121 | D76: =D75-C75 -> 93 | E76: =E75-D75+B76 -> 134 | F76: =F75-E75+C76 -> 137 | G76: =G75-F75+D76 -> 180 | H76: =H75-G75+E76 -> 119 | I76: =I75-H75+F76 -> 109 | J76: =J75-I75+G76 -> 139 | K76: =K75-J75+H76 -> 170
A77: Total Cores Annual Increase | B77: =B62+B64+B68+B72 -> 7624.2956 | C77: =C62+C64+C68+C72 -> 8041.6882 | D77: =D62+D64+D68+D72 -> 13238.399 | E77: =E62+E64+E68+E72 -> 16696.079 | F77: =F62+F64+F68+F72 -> 17113.472 | G77: =G62+G64+G68+G72 -> 19331.976 | H77: =H62+H64+H68+H72 -> 18143.567 | I77: =I62+I64+I68+I72 -> 18143.567 | ... K77: =K62+K64+K68+K72 -> 18143.567
A78: Fast Storage (TB) | B78: ='Ops Storage'!C51 -> 206.17421 | C78: ='Ops Storage'!D51 -> 370.52171 | D78: ='Ops Storage'!E51 -> 586.00691 | E78: ='Ops Storage'!F51 -> 667.15271 | F78: ='Ops Storage'!G51 -> 734.97761 | G78: ='Ops Storage'!H51 -> 798.13901 | H78: ='Ops Storage'!I51 -> 858.58841 | I78: ='Ops Storage'!J51 -> 917.94431 | ... K78: ='Ops Storage'!L51 -> 1029.2743
A79: Annual Increase (Fast) | B79: =Model!F64 -> 156.42 | C79: =C78-B78 -> 164.3475 | D79: =D78-C78 -> 215.4852 | E79: =E78-D78 -> 81.1458 | F79: =F78-E78 -> 67.8249 | G79: =G78-F78 -> 63.1614 | H79: =H78-G78 -> 60.4494 | I79: =I78-H78 -> 59.3559 | J79: =J78-I78 -> 56.547 | K79: =K78-J78 -> 54.783
A80: Annual Refresh (Fast) | B80: {=if(column()<=storageLifetime, "", if(column()=storageLifetime+1, Model!$E$64, index($B79:$K79,1,column()-storageLifetime-1)))} | C80: {=if(column()<=storageLifetime, "", if(column()=storageLifetime+1, Model!$E$64, index($B79:$K79,1,column()-storageLifetime-1)))} | D80: {=if(column()<=storageLifetime, "", if(column()=storageLifetime+1, Model!$E$64, index($B79:$K79,1,column()-storageLifetime-1)))} | E80: {=if(column()<=storageLifetime, "", if(column()=storageLifetime+1, Model!$E$64, index($B79:$K79,1,column()-storageLifetime-1)))} | F80: {=if(column()<=storageLifetime, "", if(column()=storageLifetime+1, Model!$E$64, index($B79:$K79,1,column()-storageLifetime-1)))} -> 26.07 | G80: {=if(column()<=storageLifetime, "", if(column()=storageLifetime+1, Model!$E$64, index($B79:$K79,1,column()-storageLifetime-1)))} -> 156.42 | H80: {=if(column()<=storageLifetime, "", if(column()=storageLifetime+1, Model!$E$64, index($B79:$K79,1,column()-storageLifetime-1)))} -> 164.3475 | I80: {=if(column()<=storageLifetime, "", if(column()=storageLifetime+1, Model!$E$64, index($B79:$K79,1,column()-storageLifetime-1)))} -> 215.4852 | ... K80: {=if(column()<=storageLifetime, "", if(column()=storageLifetime+1, Model!$E$64, index($B79:$K79,1,column()-storageLifetime-1)))} -> 67.8249
A81: Annual Purchase (Fast) | B81: =B79+B80 -> 156.42 | C81: =C79+C80 -> 164.3475 | D81: =D79+D80 -> 215.4852 | E81: =E79+E80 -> 81.1458 | F81: =F79+F80 -> 93.8949 | G81: =G79+G80 -> 219.5814 | H81: =H79+H80 -> 224.7969 | I81: =I79+I80 -> 274.8411 | ... K81: =K79+K80 -> 122.6079
A82: Normal Storage (TB) | B82: =Model!F65 -> 24080.669 | C82: ='Ops Storage'!D53 -> 39607.978 | D82: ='Ops Storage'!E53 -> 57486.398 | E82: ='Ops Storage'!F53 -> 75289.251 | F82: ='Ops Storage'!G53 -> 92901.108 | G82: ='Ops Storage'!H53 -> 110623.17 | H82: ='Ops Storage'!I53 -> 128499.37 | I82: ='Ops Storage'!J53 -> 146518.49 | J82: ='Ops Storage'!K53 -> 164631.11 | K82: ='Ops Storage'!L53 -> 182890.12
A83: Annual Increase (Normal) | B83: =Model!F66 -> 17451.095 | C83: =C82-B82 -> 15527.309 | D83: =D82-C82 -> 17878.42 | E83: =E82-D82 -> 17802.853 | F83: =F82-E82 -> 17611.857 | G83: =G82-F82 -> 17722.059 | H83: =H82-G82 -> 17876.205 | I83: =I82-H82 -> 18019.115 | J83: =J82-I82 -> 18112.623 | K83: =K82-J82 -> 18259.016
A84: Annual Refresh (Normal) | B84: {=if(column()<=storageLifetime, "", if(column()=storageLifetime+1, Model!$E$66, index($B83:$K83,1,column()-storageLifetime-1)))} | C84: {=if(column()<=storageLifetime, "", if(column()=storageLifetime+1, Model!$E$66, index($B83:$K83,1,column()-storageLifetime-1)))} | D84: {=if(column()<=storageLifetime, "", if(column()=storageLifetime+1, Model!$E$66, index($B83:$K83,1,column()-storageLifetime-1)))} | E84: {=if(column()<=storageLifetime, "", if(column()=storageLifetime+1, Model!$E$66, index($B83:$K83,1,column()-storageLifetime-1)))} | F84: {=if(column()<=storageLifetime, "", if(column()=storageLifetime+1, Model!$E$66, index($B83:$K83,1,column()-storageLifetime-1)))} -> 3094.61 | G84: {=if(column()<=storageLifetime, "", if(column()=storageLifetime+1, Model!$E$66, index($B83:$K83,1,column()-storageLifetime-1)))} -> 17451.095 | H84: {=if(column()<=storageLifetime, "", if(column()=storageLifetime+1, Model!$E$66, index($B83:$K83,1,column()-storageLifetime-1)))} -> 15527.309 | I84: {=if(column()<=storageLifetime, "", if(column()=storageLifetime+1, Model!$E$66, index($B83:$K83,1,column()-storageLifetime-1)))} -> 17878.42 | ... K84: {=if(column()<=storageLifetime, "", if(column()=storageLifetime+1, Model!$E$66, index($B83:$K83,1,column()-storageLifetime-1)))} -> 17611.857
A85: Annual Purchase (Normal) | B85: =B83+B84 -> 17451.095 | C85: =C83+C84 -> 15527.309 | D85: =D83+D84 -> 17878.42 | E85: =E83+E84 -> 17802.853 | F85: =F83+F84 -> 20706.467 | G85: =G83+G84 -> 35173.154 | H85: =H83+H84 -> 33403.513 | I85: =I83+I84 -> 35897.535 | ... K85: =K83+K84 -> 35870.872
A86: Latent Storage (TB) | B86: ='Ops Storage'!C61 -> 16617.202 | C86: ='Ops Storage'!D61 -> 35477.668 | D86: ='Ops Storage'!E61 -> 57061.686 | E86: ='Ops Storage'!F61 -> 77208.72 | F86: ='Ops Storage'!G61 -> 97355.754 | G86: ='Ops Storage'!H61 -> 117502.79 | H86: ='Ops Storage'!I61 -> 137649.82 | I86: ='Ops Storage'!J61 -> 157796.86 | ... K86: ='Ops Storage'!L61 -> 198090.92
A87: Annual Increase (Latent) | B87: =Model!F68 -> 13188.247 | C87: =C86-B86 -> 18860.467 | D87: =D86-C86 -> 21584.017 | E87: =E86-D86 -> 20147.034 | F87: =F86-E86 -> 20147.034 | G87: =G86-F86 -> 20147.034 | H87: =H86-G86 -> 20147.034 | I87: =I86-H86 -> 20147.034 | J87: =J86-I86 -> 20147.034 | K87: =K86-J86 -> 20147.034
A88: Annual Refresh (Latent) | B88: {=if(column()<=storageLifetime, "", if(column()=storageLifetime+1, Model!$E$68, index($B87:$K87,1,column()-storageLifetime-1)))} | C88: {=if(column()<=storageLifetime, "", if(column()=storageLifetime+1, Model!$E$68, index($B87:$K87,1,column()-storageLifetime-1)))} | D88: {=if(column()<=storageLifetime, "", if(column()=storageLifetime+1, Model!$E$68, index($B87:$K87,1,column()-storageLifetime-1)))} | E88: {=if(column()<=storageLifetime, "", if(column()=storageLifetime+1, Model!$E$68, index($B87:$K87,1,column()-storageLifetime-1)))} | F88: {=if(column()<=storageLifetime, "", if(column()=storageLifetime+1, Model!$E$68, index($B87:$K87,1,column()-storageLifetime-1)))} -> 2553.0243 | G88: {=if(column()<=storageLifetime, "", if(column()=storageLifetime+1, Model!$E$68, index($B87:$K87,1,column()-storageLifetime-1)))} -> 13188.247 | H88: {=if(column()<=storageLifetime, "", if(column()=storageLifetime+1, Model!$E$68, index($B87:$K87,1,column()-storageLifetime-1)))} -> 18860.467 | I88: {=if(column()<=storageLifetime, "", if(column()=storageLifetime+1, Model!$E$68, index($B87:$K87,1,column()-storageLifetime-1)))} -> 21584.017 | ... K88: {=if(column()<=storageLifetime, "", if(column()=storageLifetime+1, Model!$E$68, index($B87:$K87,1,column()-storageLifetime-1)))} -> 20147.034
A89: Annual Purchase (Latent) | B89: =B87+B88 -> 13188.247 | C89: =C87+C88 -> 18860.467 | D89: =D87+D88 -> 21584.017 | E89: =E87+E88 -> 20147.034 | F89: =F87+F88 -> 22700.058 | G89: =G87+G88 -> 33335.281 | H89: =H87+H88 -> 39007.501 | I89: =I87+I88 -> 41731.051 | ... K89: =K87+K88 -> 40294.068
A90: High Latency (TB) | B90: ='Ops Storage'!C66 -> 40472.48 | C90: ='Ops Storage'!D66 -> 80309.809 | D90: ='Ops Storage'!E66 -> 135056.05 | E90: ='Ops Storage'!F66 -> 204548.61 | F90: ='Ops Storage'!G66 -> 288455.66 | G90: ='Ops Storage'!H66 -> 386795.55 | H90: ='Ops Storage'!I66 -> 499594 | I90: ='Ops Storage'!J66 -> 626874.8 | ... K90: ='Ops Storage'!L66 -> 924954.65
A91: Annual Increase (High Latency) | B91: =Model!F70 -> 27256.452 | C91: =C90-B90 -> 39837.328 | D91: =D90-C90 -> 54746.241 | E91: =E90-D90 -> 69492.56 | F91: =F90-E90 -> 83907.046 | G91: =G90-F90 -> 98339.899 | H91: =H90-G90 -> 112798.44 | I91: =I90-H90 -> 127280.81 | J91: =J90-I90 -> 141778.75 | K91: =K90-J90 -> 156301.1
A92: Chilean DAC Fast Storage (TB) | B92: ='Ops Storage'!C70 -> 267 | C92: ='Ops Storage'!D70 -> 435 | D92: ='Ops Storage'!E70 -> 622 | E92: ='Ops Storage'!F70 -> 795 | F92: ='Ops Storage'!G70 -> 937 | G92: ='Ops Storage'!H70 -> 1080 | H92: ='Ops Storage'!I70 -> 1222 | I92: ='Ops Storage'!J70 -> 1364 | ... K92: ='Ops Storage'!L70 -> 1649
A93: Annual Increase (Fast Chilean DAC) | B93: =B92 -> 267 | C93: =C92-B92 -> 168 | D93: =D92-C92 -> 187 | E93: =E92-D92 -> 173 | F93: =F92-E92 -> 142 | G93: =G92-F92 -> 143 | H93: =H92-G92 -> 142 | I93: =I92-H92 -> 142 | J93: =J92-I92 -> 143 | K93: =K92-J92 -> 142
A94: Annual Refresh (Fast Chilean DAC) | B94: {=if(column()<=storageLifetime, "", if(column()=storageLifetime+1, "", index($B93:$K93,1,column()-storageLifetime-1)))} | C94: {=if(column()<=storageLifetime, "", if(column()=storageLifetime+1, "", index($B93:$K93,1,column()-storageLifetime-1)))} | D94: {=if(column()<=storageLifetime, "", if(column()=storageLifetime+1, "", index($B93:$K93,1,column()-storageLifetime-1)))} | E94: {=if(column()<=storageLifetime, "", if(column()=storageLifetime+1, "", index($B93:$K93,1,column()-storageLifetime-1)))} | F94: {=if(column()<=storageLifetime, "", if(column()=storageLifetime+1, "", index($B93:$K93,1,column()-storageLifetime-1)))} | G94: {=if(column()<=storageLifetime, "", if(column()=storageLifetime+1, "", index($B93:$K93,1,column()-storageLifetime-1)))} -> 267 | H94: {=if(column()<=storageLifetime, "", if(column()=storageLifetime+1, "", index($B93:$K93,1,column()-storageLifetime-1)))} -> 168 | I94: {=if(column()<=storageLifetime, "", if(column()=storageLifetime+1, "", index($B93:$K93,1,column()-storageLifetime-1)))} -> 187 | ... K94: {=if(column()<=storageLifetime, "", if(column()=storageLifetime+1, "", index($B93:$K93,1,column()-storageLifetime-1)))} -> 142
A95: Annual Purchase (Fast Chilean DAC) | B95: =B93+B94 -> 267 | C95: =C93+C94 -> 168 | D95: =D93+D94 -> 187 | E95: =E93+E94 -> 173 | F95: =F93+F94 -> 142 | G95: =G93+G94 -> 410 | H95: =H93+H94 -> 310 | I95: =I93+I94 -> 329 | ... K95: =K93+K94 -> 284
A96: Chilean DAC Latent Storage (TB) | B96: ='Ops Storage'!C72 -> 10500 | C96: ='Ops Storage'!D72 -> 18391 | D96: ='Ops Storage'!E72 -> 25950 | E96: ='Ops Storage'!F72 -> 31007 | F96: ='Ops Storage'!G72 -> 36063 | G96: ='Ops Storage'!H72 -> 41120 | H96: ='Ops Storage'!I72 -> 46177 | I96: ='Ops Storage'!J72 -> 51234 | ... K96: ='Ops Storage'!L72 -> 61348
A97: Annual Increase (Latent Chilean DAC) | B97: =B96 -> 10500 | C97: =C96-B96 -> 7891 | D97: =D96-C96 -> 7559 | E97: =E96-D96 -> 5057 | F97: =F96-E96 -> 5056 | G97: =G96-F96 -> 5057 | H97: =H96-G96 -> 5057 | I97: =I96-H96 -> 5057 | J97: =J96-I96 -> 5057 | K97: =K96-J96 -> 5057
A98: Annual Refresh (Latent Chilean DAC) | B98: {=if(column()<=storageLifetime, "", if(column()=storageLifetime+1, "", index($B97:$K97,1,column()-storageLifetime-1)))} | C98: {=if(column()<=storageLifetime, "", if(column()=storageLifetime+1, "", index($B97:$K97,1,column()-storageLifetime-1)))} | D98: {=if(column()<=storageLifetime, "", if(column()=storageLifetime+1, "", index($B97:$K97,1,column()-storageLifetime-1)))} | E98: {=if(column()<=storageLifetime, "", if(column()=storageLifetime+1, "", index($B97:$K97,1,column()-storageLifetime-1)))} | F98: {=if(column()<=storageLifetime, "", if(column()=storageLifetime+1, "", index($B97:$K97,1,column()-storageLifetime-1)))} | G98: {=if(column()<=storageLifetime, "", if(column()=storageLifetime+1, "", index($B97:$K97,1,column()-storageLifetime-1)))} -> 10500 | H98: {=if(column()<=storageLifetime, "", if(column()=storageLifetime+1, "", index($B97:$K97,1,column()-storageLifetime-1)))} -> 7891 | I98: {=if(column()<=storageLifetime, "", if(column()=storageLifetime+1, "", index($B97:$K97,1,column()-storageLifetime-1)))} -> 7559 | ... K98: {=if(column()<=storageLifetime, "", if(column()=storageLifetime+1, "", index($B97:$K97,1,column()-storageLifetime-1)))} -> 5056
A99: Annual Purchase (Latent Chilean DAC) | B99: =B97+B98 -> 10500 | C99: =C97+C98 -> 7891 | D99: =D97+D98 -> 7559 | E99: =E97+E98 -> 5057 | F99: =F97+F98 -> 5056 | G99: =G97+G98 -> 15557 | H99: =H97+H98 -> 12948 | I99: =I97+I98 -> 12616 | ... K99: =K97+K98 -> 10113
A102: Table opsXeon | B102: Implementation with Intel Xeon for full Rubin Observatory | C102: 11 | D102: 0
A103: Year | B103: =B$3 -> 2024 | C103: =C$3 -> 2025 | D103: =D$3 -> 2026 | E103: =E$3 -> 2027 | F103: =F$3 -> 2028 | G103: =G$3 -> 2029 | H103: =H$3 -> 2030 | I103: =I$3 -> 2031 | ... K103: =K$3 -> 2033
A104: Number of Xeon | B104: =roundup(B77/Model!$D$26,0) -> 283 | C104: =roundup(C77/Model!$D$26,0) -> 298 | D104: =roundup(D77/Model!$D$26,0) -> 491 | E104: =roundup(E77/Model!$D$26,0) -> 619 | F104: =roundup(F77/Model!$D$26,0) -> 634 | G104: =roundup(G77/Model!$D$26,0) -> 716 | H104: =roundup(H77/Model!$D$26,0) -> 672 | I104: =roundup(I77/Model!$D$26,0) -> 672 | ... K104: =roundup(K77/Model!$D$26,0) -> 672
A105: =concat(concat("Approximate cost (",Model!G11), " Mdollars)") -> Approximate cost (2020 Mdollars) | B105: =B104*Model!$E$26/1000000 -> 2.83 | C105: =C104*Model!$E$26/1000000 -> 2.98 | D105: =D104*Model!$E$26/1000000 -> 4.91 | E105: =E104*Model!$E$26/1000000 -> 6.19 | F105: =F104*Model!$E$26/1000000 -> 6.34 | G105: =G104*Model!$E$26/1000000 -> 7.16 | H105: =H104*Model!$E$26/1000000 -> 6.72 | I105: =I104*Model!$E$26/1000000 -> 6.72 | ... K105: =K104*Model!$E$26/1000000 -> 6.72
A107: Table opsXeonUSDF | B107: Implementation with Intel Xeon for USDF | C107: 11 | D107: 0
A108: Year | B108: =B$3 -> 2024 | C108: =C$3 -> 2025 | D108: =D$3 -> 2026 | E108: =E$3 -> 2027 | F108: =F$3 -> 2028 | G108: =G$3 -> 2029 | H108: =H$3 -> 2030 | I108: =I$3 -> 2031 | ... K108: =K$3 -> 2033
A109: Number of Xeon USDF | B109: =roundup((B62+B64+B68)/Model!$D$26,0) -> 279 | C109: =roundup((C62+C64+C68)/Model!$D$26,0) -> 295 | D109: =roundup((D62+D64+D68)/Model!$D$26,0) -> 487 | E109: =roundup((E62+E64+E68)/Model!$D$26,0) -> 612 | F109: =roundup((F62+F64+F68)/Model!$D$26,0) -> 628 | G109: =roundup((G62+G64+G68)/Model!$D$26,0) -> 710 | H109: =roundup((H62+H64+H68)/Model!$D$26,0) -> 666 | I109: =roundup((I62+I64+I68)/Model!$D$26,0) -> 666 | ... K109: =roundup((K62+K64+K68)/Model!$D$26,0) -> 666
...

Sheet Comissioning
C4: Estimated | D4: AMD Rome 7502P | E4: 50 x AMD Rome 7502P + 10 U2 Nvme | F4: 25 x AMD Rome 7252 + 10 SSD 4TB
A5: Storage SSD (TB) | B5: 1000 | C5: =Model!B35*B5 -> 400000 | E5: 925000 | F5: 237500
A6: Compute cores | B6: =Model!$B$26*B7 -> 1152
A7: Compute nodes | B7: =Model!$B$117 -> 36 | C7: =Model!E26*B7 -> 360000 | D7: 200000
A8: racks | B8: 2 | C8: ='Ops Costs'!E197*B8 -> 57268
A9: total | C9: =SUM(C5:C8) -> 817268
A13: AMD Rome 7502P 32C/64T - 64GB Ram - 10G Net - 500GB M2 = ~$5,500
A15: U2 nvme 2TB = $1300
A17: AMD Rome 7252 16C/32T - 256RAM - 10G Net - 500GB M2 = ~$4400
A19: SSD Sata3 4TB = $500

Sheet Storage
A1: Table storageSizing | B1: Inputs used to calculate storage needs | C1: 7 | D1: 0
A2: Parameters | B2: unit | C2: FY2020 | D2: FY2021 | E2: FY2022 | F2: FY2023 | G2: Notes
A4: Objects | B4: number | E4: =F4*2/12 -> 4583333333 | F4: 27500000000 | G4: from LSE-81, scaled to 2 months for 2022, ComCam ignored
A5: Sources | B5: number | E5: =F5*2/12 -> 150166666667 | F5: 901000000000 | G5: from LSE-81, scaled to 2 months for 2022, ComCam ignored
A6: ForcedSources | B6: number | E6: =F6*2/12 -> 485000000000 | F6: 2910000000000 | G6: from LSE-81, scaled to 2 months for 2022, ComCam ignored
A8: Science users | B8: users | C8: 50 | D8: 100 | E8: 5000 | F8: 5000 | G8: "Stack Club" to 2021, DP users thereafter
A9: Storage per science user | B9: TB | C9: 0.1 | D9: 0.2 | E9: 0.2 | F9: 0.4 | G9: ramp to LSE-81 number; includes oversubscription
A11: LSSTCam image size | B11: TB | C11: =16*562*2098*(189+12)*4/1000000000000 -> 0.015167634 | G11: uncompressed, 32 bit, with overscan and corner rafts
A12: Raw image compression | B12: factor | C12: 0.42 | G12: lossless-compressed divided by uncompressed for raws
A13: Lossy image compression | B13: factor | C13: 0.25 | G13: lossy-compressed divided by lossless-compressed for PVIs
A14: LSSTCam/HSC pixel ratio | B14: factor | C14: =C11/C39/2 -> 0.0093647346 | G14: single LSSTCam image divided by all HSC images, /2 for pixel bytes (4 for LSSTCam, 2 for HSC)
A16: Observing nights per year | B16: nights | C16: 300 | G16: maximum
A17: Visits per night | B17: visits | C17: 1000 | G17: maximum
A18: Images per visit | B18: images | C18: 2
A19: Calibration images per day | B19: images | C19: 500
A20: LSSTCam Science images | B20: images | E20: =F20*2/12 -> 100000 | F20: =nightsPerYear*visitsPerNight*imagesPerVisit -> 600000 | G20: test images until 2 months of science in 2022
A21: LSSTCam Test images | B21: images | C21: =0.5*D21 -> 25000 | D21: =E21 -> 50000 | E21: =0.5*E20 -> 50000 | G21: ramp to science images
A22: LSSTCam Engineering images | B22: images | C22: =0.5*(C20+C21) -> 12500 | D22: =0.25*(D20+D21) -> 12500 | E22: =0.1*(E20+E21) -> 15000 | F22: =0.01*F20 -> 6000 | G22: decreasing ramp
A23: LSSTCam Calibration images | B23: images | C23: =(C20+C21)*0.5 -> 12500 | D23: =(D20+D21)*0.5 -> 25000 | E23: =(E20+E21)*0.25 -> 37500 | F23: =nightsPerYear*calsPerDay -> 150000 | G23: estimates based on science and test images; actual for 2023
A24: Number of coadd data products | B24: number | C24: 2 | G24: deep and good-seeing
A25: Object table row size | B25: bytes | E25: 1896 | F25: 1896 | G25: from LDM-141
A26: Object_Extra tables row size | B26: bytes | E26: 21005 | F26: 21005 | G26: from LDM-141
A27: Source table row size | B27: bytes | E27: 467 | F27: 467 | G27: from LDM-141
A28: ForcedSource table row size | B28: bytes | E28: 41 | F28: 41 | G28: from LDM-141
A29: Qserv replication factor | B29: factor | C29: 3 | D29: 3 | E29: 3 | F29: 3
A31: Table datasetSizing | B31: Inputs on dataset sizes used to calculate storage needs | C31: 7 | D31: 0
A32: Dataset Sizing | B32: unit | C32: FY2020 | D32: FY2021 | E32: FY2022 | F32: FY2023 | G32: Notes
A33: HSC RC2 Area | B33: deg^2 | C33: 8.5 | D33: 8.5 | E33: 8.5 | F33: 8.5
A34: HSC SSP PDR2 Area | B34: deg^2 | C34: 300 | D34: 300 | E34: 300 | F34: 300
A35: DESC DC2 Area | B35: deg^2 | C35: 300 | D35: 300 | E35: 300 | F35: 300
A36: LSSTCam Area | B36: deg^2 | E36: 2000 | F36: 17000
A38: APDB | B38: TB | C38: =4.5/57000*visitsPerNight*nightsPerYear*0.5 -> 11.842105 | D38: =4.5/57000*visitsPerNight*nightsPerYear -> 23.684211 | E38: =4.5/57000*visitsPerNight*nightsPerYear -> 23.684211 | F38: =4.5/57000*visitsPerNight*nightsPerYear -> 23.684211 | G38: 4.5/57K TB per visit; 1 year retention; 6 months in 2020
A39: HSC RC2 Input Images | B39: TB | C39: =44496*18.2/1000000 -> 0.8098272 | D39: =C39 -> 0.8098272 | E39: =D39 -> 0.8098272 | F39: =E39 -> 0.8098272 | G39: 432 visits * 103 CCDs * 18.2 MB uncompressed
A40: HSC RC2 Output Images | B40: TB | C40: 2.4 | D40: =C40 -> 2.4 | E40: =D40 -> 2.4 | F40: =E40 -> 2.4 | G40: lossless-compressed, not including warps
A41: HSC RC2 Output Coadd Images | B41: TB | C41: 0.675 | D41: =C41 -> 0.675 | E41: =D41 -> 0.675 | F41: =E41 -> 0.675 | G41: lossless-compressed
A42: HSC RC2 Output Catalogs | B42: TB | C42: =(221+486+540+172)/1000 -> 1.419 | D42: =C42 -> 1.419 | E42: =D42 -> 1.419 | F42: =E42 -> 1.419
A43: HSC SSP PDR2 Input Images | B43: TB | C43: =2564358*2*18.2/1000000 -> 93.342631 | D43: =C43 -> 93.342631 | E43: =D43 -> 93.342631 | F43: =E43 -> 93.342631 | G43: 2564358 CCDs * 18.2 MB uncompressed (3 * PDR1)
A44: DESC DC2 Input Images | B44: TB | C44: =300/10*1000*lsstCamImageSize -> 455.02901 | D44: =300/10*1000*lsstCamImageSize -> 455.02901 | E44: =300/10*1000*lsstCamImageSize -> 455.02901 | F44: =300/10*1000*lsstCamImageSize -> 455.02901 | G44: 300 sq deg, 10 year depth
A45: Object store datasets:
A46: LSSTCam Raw Images | B46: TB | C46: =sum(C20:C23)*lsstCamImageSize*rawCompression -> 318.52031 | D46: =sum(D20:D23)*lsstCamImageSize*rawCompression -> 557.41054 | E46: =sum(E20:E23)*lsstCamImageSize*rawCompression -> 1290.0072 | F46: =sum(F20:F23)*lsstCamImageSize*rawCompression -> 4816.027 | G46: compressed, immediate object store
A47: LSSTCam Output Coadd Images | B47: TB | E47: =E36/$C$33*E41*$C$24 -> 317.64706 | F47: =F36/$C$33*F41*$C$24 -> 2700 | G47: lossless-compressed, immediate object store
A48: Normal disk datasets:
A49: Precursor Input Images | B49: TB | C49: =C39+C43+C44 -> 549.18147 | D49: =D39+D43+D44 -> 549.18147 | E49: =E39+E43+E44 -> 549.18147 | F49: =F39+F43+F44 -> 549.18147 | G49: HSC RC2, HSC PDR2, DC2
A50: Precursor Output Images | B50: TB | C50: =(C40+C41*$C$24)*12*2+(C40*C43/C39+C41*$C$24*C34/$C$33)*2 -> 738.55366 | D50: =(D40+D41*$C$24)*12*2+(D40*D43/D39+D41*$C$24*D34/$C$33)*2 -> 738.55366 | E50: =(E40+E41*$C$24)*12*2+(E40*E43/E39+E41*$C$24*E34/$C$33)*2 -> 738.55366 | F50: =(F40+F41*$C$24)*12*2+(F40*F43/F39+F41*$C$24*F34/$C$33)*2 -> 738.55366 | G50: monthly RC2 and DC2 subset plus biannual PDR
A51: Precursor Output Parquet | B51: TB | C51: =C42*12*2+C42*C43/C39*2 -> 361.17071 | D51: =D42*12*2+D42*D43/D39*2 -> 361.17071 | E51: =E42*12*2+E42*E43/E39*2 -> 361.17071 | F51: =F42*12*2+F42*F43/F39*2 -> 361.17071
A52: LSSTCam Output Images | B52: TB | E52: =lsstCamScienceImages*lsstCamImageToHscRatio/imagesPerVisit*E40 -> 1123.7682 | F52: =lsstCamScienceImages*lsstCamImageToHscRatio/imagesPerVisit*F40 -> 6742.6089 | G52: lossless-compressed, moves to object store
A53: LSSTCam Output Parquet | B53: TB | E53: =lsstCamScienceImages*lsstCamImageToHscRatio/imagesPerVisit*E42 -> 664.42792 | F53: =lsstCamScienceImages*lsstCamImageToHscRatio/imagesPerVisit*F42 -> 3986.5675 | G53: moves to object store
A54: Scratch | B54: TB | E54: =E52*0.1 -> 112.37682 | F54: =F52*0.1 -> 674.26089 | G54: 10% of output images
A55: Qserv Czar/Object | B55: TB | E55: =objectCount*objectRowSize*qservReplication/1000000000000 -> 26.07 | F55: =objectCount*objectRowSize*qservReplication/1000000000000 -> 156.42 | G55: based on row sizes and counts
A56: Qserv Database | B56: TB | C56: =(C42+C51+C53)*qservReplication -> 1087.7691 | D56: =(D42+D51+D53)*qservReplication -> 1087.7691 | E56: =(objectCount*(objectRowSize+objectExtraRowSize)+sourceCount*sourceRowSize+forcedSourceCount*forcedSourceRowSize)/1000000000000*qservReplication -> 584.92725 | F56: =(objectCount*(objectRowSize+objectExtraRowSize)+sourceCount*sourceRowSize+forcedSourceCount*forcedSourceRowSize)/1000000000000*qservReplication -> 3509.5635 | G56: based on Parquet for preliminary; based on row sizes and counts
A57: Science User Home | B57: TB | C57: =scienceUsers*tbPerScienceUser -> 5 | D57: =scienceUsers*tbPerScienceUser -> 20 | E57: =scienceUsers*tbPerScienceUser -> 1000 | F57: =scienceUsers*tbPerScienceUser -> 2000
A58: Other/Misc | B58: TB | C58: =0.2*sum(C38:C57) -> 725.14257 | D58: =0.2*sum(D38:D57) -> 778.28904 | E58: =0.2*sum(E38:E57) -> 1469.098 | F58: =0.2*sum(F38:F57) -> 5362.3427 | G58: 20% of total
A60: Table storageFloor | B60: On floor LDF storage estimates based on \tabref{tab:datasetSizing} and \tabref{tab:storageSizing} | C60: 7 | D60: 0
A61: Storage Sizing (on the floor) | B61: unit | C61: FY2020 | D61: FY2021 | E61: FY2022 | F61: FY2023 | G61: Notes
A62: APDB | B62: TB | C62: =C38 -> 11.842105 | D62: =D38 -> 23.684211 | E62: =E38 -> 23.684211 | F62: =F38 -> 23.684211
A63: Qserv Czar/Object | B63: TB | C63: =C55 | D63: =D55 | E63: =E55 -> 26.07 | F63: =E63+F55 -> 182.49 | G63: accumulates with time
A64: Total Fast | B64: TB | C64: =sum(C62:C63) -> 11.842105 | D64: =sum(D62:D63) -> 23.684211 | E64: =sum(E62:E63) -> 49.754211 | F64: =sum(F62:F63)/reduceDisk -> 206.17421 | G64: SSD, sum of previous two rows
A66: Total Normal | B66: TB | C66: =sum(C49:C58) -> 3466.8175 | D66: =sum(D49:D58) -> 3534.964 | E66: =sum(E49:E58) -> 6629.574 | F66: =sum(F49:F58)/reduceDisk -> 24080.669 | G66: enterprise-grade SATA
A68: Total Qserv Storage | B68: TB | C68: =C56 -> 1087.7691 | D68: =D56 -> 1087.7691 | E68: =E56 -> 584.92725 | F68: =(F56+E56)/reduceDisk -> 4094.4907 | G68: local consumer-grade SATA, accumulates with time
A70: LSSTCam Raw Images | B70: TB | C70: =sum($C46:C46) -> 318.52031 | D70: =sum($C46:D46) -> 875.93084 | E70: =sum($C46:E46) -> 2165.9381 | F70: =sum($C46:F46) -> 6981.9651 | G70: accumulates with time
A71: LSSTCam Output Images | B71: TB | E71: =E52*lossyCompression -> 280.94204 | F71: =F52*lossyCompression+E71 -> 1966.5943 | G71: lossy-compressed, accumulates with time
A72: LSSTCam Output Coadd Images | B72: TB | E72: =E47 -> 317.64706 | F72: =F47+E47 -> 3017.6471 | G72: accumulates with time
A73: LSSTCam Output Parquet | B73: TB | C73: =C53 | D73: =D53 | E73: =E53 -> 664.42792 | F73: =F53+E53 -> 4650.9955 | G73: accumulates with time
A74: Total Object Store | B74: TB | C74: =sum(C70:C73) -> 318.52031 | D74: =sum(D70:D73) -> 875.93084 | E74: =sum(E70:E73) -> 3428.9551 | F74: =sum(F70:F73) -> 16617.202 | G74: consumer-grade SATA, sum of previous four rows
A76: LSSTCam Raw Images | B76: TB | C76: =C70 -> 318.52031 | D76: =D70 -> 875.93084 | E76: =E70 -> 2165.9381 | F76: =F70 -> 6981.9651 | G76: accumulates with time
A77: All Data Products/Backup | B77: TB | C77: =C66-sum(C54:C56) -> 2379.0484 | D77: =D66-sum(D54:D56)+C77 -> 4826.2433 | E77: =E66-sum(E54:E56)+D77 -> 10732.443 | F77: =F66-sum(F54:F56)+E77 -> 30472.868 | G77: normal storage minus Qserv/scratch, accumulates with time
A78: All Object Store-Only Products | B78: TB | C78: =sum($C47:C47) -> 0 | D78: =sum($C47:D47) -> 0 | E78: =sum($C47:E47) -> 317.64706 | F78: =sum($C47:F47) -> 3017.6471 | G78: accumulates with time
A79: Total Tape | B79: TB | C79: =sum(C76:C78) -> 2697.5687 | D79: =sum(D76:D78) -> 5702.1741 | E79: =sum(E76:E78) -> 13216.028 | F79: =sum(F76:F78) -> 40472.48 | G79: sum of previous three rows
A81: Table chileStorage | B81: On floor Chile storage estimates for Base Data Center | C81: 7 | D81: 0
A82: Chile Storage (on the floor) | B82: unit | C82: FY2020 | D82: FY2021 | E82: FY2022 | F82: FY2023 | G82: Notes
A83: Fast | B83: TB | F83: =F55 -> 156.42 | G83: SSD
A84: Normal | B84: TB | F84: 0 | G84: Enterprise-grade SATA
A85: Qserv Storage | B85: TB | F85: =F68 -> 4094.4907 | G85: Local consumer-grade SATA
A86: Object Store | B86: TB | F86: =F74 -> 16617.202
A87: Tape | B87: TB | F87: 0

Sheet Compute
A1: Table computeSizing | B1: Inputs used to calculate compute needs | C1: 7 | D1: 0
A2: Parameters | B2: units | G2: Notes
A3: HSC PDR1 Input Images | B3: TB | C3: =7238*104*18.2/1000000 -> 13.700086 | G3: 7238 visits of 104 CCDs
A4: HSC PDR1 small-memory compute | B4: core-hours | C4: =(9227-6544)*24 -> 64392 | G4: measured on E5-2680 v3 @ 2.50GHz
A5: HSC PDR1 high-memory compute | B5: core-hours | C5: =6543.57*12 -> 78522.84 | G5: measured on E5-2680 v3 @ 2.50GHz
A6: Small-memory DRP algorithm ratio | B6: factor | C6: 1.5 | G6: image differencing, etc.
A7: High-memory DRP algorithm ratio | B7: factor | C7: 2.5 | G7: stackfit, etc.
A8: DRP compute per TB | B8: core-hours/TB | C8: =(C4*C6+C5*C7)/C3 -> 21379.07
A9: Percent DRP on high-memory | B9: factor | C9: =C5*C7/(C5*C7+C4*C6) -> 0.67023006
A11: ap_pipe single-core sec/CCD | B11: core-sec/CCD | C11: =83*2 -> 166 | G11: measured 83 on DECam 2Kx4K CCD
A12: Additional AP steps | B12: factor | C12: 1.25 | G12: DCR, real_bogus, etc.
A13: AP compute per visit | B13: core-hours/visit | C13: =C11*189*C12/3600 -> 10.89375
A15: Qserv data/node | B15: TB | C15: =12*3600/1000 -> 43.2 | G15: 1 GB/sec for 12 hours
A17: Table drpAndAlertSizing | B17: Compute needs for DRP and AP | C17: 7 | D17: 0
A18: Data Release Production | B18: units | C18: FY20 | D18: FY21 | E18: FY22 | F18: FY23 | G18: Notes
A19: Precursor input size | B19: TB | C19: =Storage!C39*12*2+Storage!C43*2 -> 206.12112 | D19: =Storage!D39*12*2+Storage!D43*2 -> 206.12112 | E19: =Storage!E39*12*2+Storage!E43*2 -> 206.12112 | F19: =Storage!F39*12*2+Storage!F43*2 -> 206.12112
A20: LSSTCam visit input size | B20: TB | E20: =lsstCamScienceImages*lsstCamImageSize/imagesPerVisit*rawCompression -> 318.52031 | F20: =lsstCamScienceImages*lsstCamImageSize/imagesPerVisit*rawCompression -> 1911.1218 | G20: raw images / images/visit, lossless-compressed
A21: Precursor compute | B21: core-hours | C21: =coreHoursPerTB*C19 -> 4406677.7 | D21: =coreHoursPerTB*D19 -> 4406677.7 | E21: =coreHoursPerTB*E19 -> 4406677.7 | F21: =coreHoursPerTB*F19 -> 4406677.7
A22: LSSTCam compute | B22: core-hours | E22: =coreHoursPerTB*E20 -> 6809667.8 | F22: =coreHoursPerTB*F20 -> 40858007
A24: Total DRP compute | B24: core-hours | C24: =C21+C22 -> 4406677.7 | D24: =D21+D22 -> 4406677.7 | E24: =E21+E22 -> 11216345 | F24: =(F21+F22)/Model!$G$3 -> 45264684
A26: Alert Production | B26: units | C26: FY20 | D26: FY21 | E26: FY22 | F26: FY23 | G26: Notes
A27: AP cores | B27: cores | E27: =C13*3600/33 -> 1188.4091 | F27: =E27 -> 1188.4091 | G27: minimum necessary to keep up
A29: Table lspSizing | B29: Compute needs for the Science Platform instances | C29: 7 | D29: 0
A30: US DAC | B30: units | C30: FY20 | D30: FY21 | E30: FY22 | F30: FY23 | G30: Notes
A31: LSP cores | B31: cores | E31: =E24*0.1/24/365 -> 128.04047 | F31: =F24*0.1/24/365 -> 516.72014 | G31: 10% of DRP, over a year
A32: Qserv nodes | B32: nodes | E32: =CEILING(Storage!E68/$C$15,1) -> 14 | F32: =CEILING(Storage!F68/$C$15,1) -> 95
A33: LSP cores/science user | B33: cores/user | E33: =E31/scienceUsers -> 0.025608095 | F33: =F31/scienceUsers -> 0.10334403 | G33: includes oversubscription
A35: Chilean DAC | B35: units | C35: FY20 | D35: FY21 | E35: FY22 | F35: FY23 | G35: Notes
A36: LSP cores | B36: cores | E36: =0.2*E31 -> 25.608095 | F36: =0.2*F31 -> 103.34403 | G36: 20% of US DAC
A37: Qserv nodes | B37: nodes | E37: =E32 -> 14 | F37: =F32 -> 95
A39: Staff LSP | B39: units | C39: FY20 | D39: FY21 | E39: FY22 | F39: FY23 | G39: Notes
A40: LSP cores | B40: cores | E40: =0.1*E31 -> 12.804047 | F40: =0.1*F31 -> 51.672014 | G40: 10% of US DAC
A43: Table desComparison | B43: Comparison with DES compute | C43: 7 | D43: 0
A44: DES Comparison | B44: units | G44: Notes
A45: Input data size | B45: TB | C45: 50
A46: Single-frame data size | B46: TB | C46: =2048*4096*2*60/1000000000000 -> 0.001006633
A47: Single-frame processing | B47: core-hours/visit | C47: 5.23 | G47: Xeon E5-2680 v4 2.4GHz
A48: Coadd processing | B48: core-hours/deg^2 | C48: =19.52/(0.75*0.75) -> 34.702222 | G48: Xeon E5-2680 v4 2.4GHz
A49: MOF/SOF measurement | B49: core-hours/deg^2 | C49: =(1700000*313.6/32/40 + 200000)/(0.75*0.75*10146) -> 108.02287 | G49: AMD 6276 (313 GFLOPS/32 scheduled cores) and Xeon E5-2680 v4
A50: Sky area | B50: deg^2 | C50: =10146*0.75*0.75 -> 5707.125
A52: DES compute per TB | B52: core-hours/TB | C52: =C47/C46+(C48+C49)*C50/C45 -> 21486.537

Sheet Ops Storage
A1: Table storageSizingOps | B1: Inputs used to calculate storage needs during Operations | C1: 12 | D1: 0
A2: Parameters | B2: unit | C2: LOY1 | D2: LOY2 | E2: LOY3 | F2: LOY4 | G2: LOY5 | H2: LOY6 | I2: LOY7 | J2: LOY8 | K2: LOY9 | L2: LOY10 | M2: Notes
A4: Objects | B4: number | C4: 27500000000 | D4: 32500000000 | E4: 35700000000 | F4: 38200000000 | G4: 40300000000 | H4: 42200000000 | I4: 43800000000 | J4: 45300000000 | K4: 46400000000 | L4: 47400000000 | M4: from LSE-81
A5: Sources | B5: number | C5: 901000000000 | D5: 1800000000000 | E5: 2700000000000 | F5: 3600000000000 | G5: 4510000000000 | H5: 5410000000000 | I5: 6310000000000 | J5: 7210000000000 | K5: 8110000000000 | L5: 9010000000000 | M5: from LSE-81
A6: ForcedSources | B6: number | C6: =Model!G8*2910000000000 -> 2910000000000 | D6: =Model!G8* 6870000000000 -> 6870000000000 | E6: =Model!G8*11300000000000 -> 11300000000000 | F6: =Model!G8*16100000000000 -> 16100000000000 | G6: =Model!G8*21300000000000 -> 21300000000000 | H6: =Model!G8*26700000000000 -> 26700000000000 | I6: =Model!G8*32400000000000 -> 32400000000000 | J6: =Model!G8*38300000000000 -> 38300000000000 | K6: =Model!G8*44100000000000 -> 44100000000000 | L6: =Model!G8*50100000000000 -> 50100000000000 | M6: from LSE-81
A8: Science users | B8: users | C8: 5000 | D8: 6000 | E8: 7000 | F8: 7500 | G8: 7500 | H8: 7500 | I8: 7500 | J8: 7500 | K8: 7500 | L8: 7500 | M8: ramp to LSE-81 number
A9: Storage per science user | B9: TB | C9: 0.4 | D9: 0.5 | E9: 0.6 | F9: 0.7 | G9: 0.8 | H9: 0.9 | I9: 1 | J9: 1.1 | K9: 1.2 | L9: 1.3 | M9: ramp starting at LSE-81 number; includes oversubscription
A11: LSSTCam image size | B11: TB | C11: =16*562*2098*(189+12)*4/1000000000000 -> 0.015167634 | D11: =C11 -> 0.015167634 | E11: =D11 -> 0.015167634 | F11: =E11 -> 0.015167634 | G11: =F11 -> 0.015167634 | H11: =G11 -> 0.015167634 | I11: =H11 -> 0.015167634 | J11: =I11 -> 0.015167634 | K11: =J11 -> 0.015167634 | L11: =K11 -> 0.015167634 | M11: uncompressed, 32 bit, with overscan and corner rafts
A12: Raw image compression | B12: factor | C12: 0.42 | D12: =C12 -> 0.42 | E12: =D12 -> 0.42 | F12: =E12 -> 0.42 | G12: =F12 -> 0.42 | H12: =G12 -> 0.42 | I12: =H12 -> 0.42 | J12: =I12 -> 0.42 | K12: =J12 -> 0.42 | L12: =K12 -> 0.42 | M12: lossless-compressed divided by uncompressed for raws
A13: Lossy image compression | B13: factor | C13: 0.25 | D13: =C13 -> 0.25 | E13: =D13 -> 0.25 | F13: =E13 -> 0.25 | G13: =F13 -> 0.25 | H13: =G13 -> 0.25 | I13: =H13 -> 0.25 | J13: =I13 -> 0.25 | K13: =J13 -> 0.25 | L13: =K13 -> 0.25 | M13: lossy-compressed divided by lossless-compressed for PVIs
A15: Observing nights per year | B15: nights | C15: 300 | D15: =C15 -> 300 | E15: =D15 -> 300 | F15: =E15 -> 300 | G15: =F15 -> 300 | H15: =G15 -> 300 | I15: =H15 -> 300 | J15: =I15 -> 300 | K15: =J15 -> 300 | L15: =K15 -> 300 | M15: maximum
A16: Visits per night | B16: visits | C16: 1000 | D16: =C16 -> 1000 | E16: =D16 -> 1000 | F16: =E16 -> 1000 | G16: =F16 -> 1000 | H16: =G16 -> 1000 | I16: =H16 -> 1000 | J16: =I16 -> 1000 | K16: =J16 -> 1000 | L16: =K16 -> 1000 | M16: maximum
A17: Images per visit | B17: images | C17: 2 | D17: =C17 -> 2 | E17: =D17 -> 2 | F17: =E17 -> 2 | G17: =F17 -> 2 | H17: =G17 -> 2 | I17: =H17 -> 2 | J17: =I17 -> 2 | K17: =J17 -> 2 | L17: =K17 -> 2
A18: Calibration images per day | B18: images | C18: 500 | D18: =C18 -> 500 | E18: =D18 -> 500 | F18: =E18 -> 500 | G18: =F18 -> 500 | H18: =G18 -> 500 | I18: =H18 -> 500 | J18: =I18 -> 500 | K18: =J18 -> 500 | L18: =K18 -> 500
A19: LSSTCam Science images | B19: images | C19: =C15*C16*C17*(column()-2) -> 600000 | D19: =D15*D16*D17*(column()-2) -> 1200000 | E19: =E15*E16*E17*(column()-2) -> 1800000 | F19: =F15*F16*F17*(column()-2) -> 2400000 | G19: =G15*G16*G17*(column()-2) -> 3000000 | H19: =H15*H16*H17*(column()-2) -> 3600000 | I19: =I15*I16*I17*(column()-2) -> 4200000 | J19: =J15*J16*J17*(column()-2) -> 4800000 | ... L19: =L15*L16*L17*(column()-2) -> 6000000
A20: LSSTCam Engineering images | B20: images | C20: =0.01*C19 -> 6000 | D20: =0.01*D19 -> 12000 | E20: =0.01*E19 -> 18000 | F20: =0.01*F19 -> 24000 | G20: =0.01*G19 -> 30000 | H20: =0.01*H19 -> 36000 | I20: =0.01*I19 -> 42000 | J20: =0.01*J19 -> 48000 | ... L20: =0.01*L19 -> 60000 | M20: 1% of science
A21: LSSTCam Calibration images | B21: images | C21: =C15*C18*(column()-2) -> 150000 | D21: =D15*D18*(column()-2) -> 300000 | E21: =E15*E18*(column()-2) -> 450000 | F21: =F15*F18*(column()-2) -> 600000 | G21: =G15*G18*(column()-2) -> 750000 | H21: =H15*H18*(column()-2) -> 900000 | I21: =I15*I18*(column()-2) -> 1050000 | J21: =J15*J18*(column()-2) -> 1200000 | ... L21: =L15*L18*(column()-2) -> 1500000
A22: Number of coadd data products | B22: number | C22: 2 | D22: 2 | E22: 2 | F22: 2 | G22: 2 | H22: 2 | I22: 2 | J22: 2 | K22: 2 | L22: 2 | M22: deep and good-seeing
A23: Object table row size | B23: bytes | C23: 1896 | D23: 1953 | E23: 2012 | F23: 2073 | G23: 2136 | H23: 2201 | I23: 2268 | J23: 2337 | K23: 2408 | L23: 2481 | M23: from LDM-141
A24: Object_Extra tables row size | B24: bytes | C24: 21005 | D24: 21636 | E24: 22286 | F24: 22955 | G24: 23644 | H24: 24354 | I24: 25085 | J24: 25838 | K24: 26614 | L24: 27413 | M24: from LDM-141
A25: Source table row size | B25: bytes | C25: 467 | D25: 482 | E25: 497 | F25: 512 | G25: 528 | H25: 544 | I25: 561 | J25: 578 | K25: 596 | L25: 614 | M25: from LDM-141
A26: ForcedSource table row size | B26: bytes | C26: 41 | D26: 41 | E26: 41 | F26: 41 | G26: 41 | H26: 41 | I26: 41 | J26: 41 | K26: 41 | L26: 41 | M26: from LDM-141
A27: Qserv replication factor | B27: factor | C27: 3 | D27: 3 | E27: 3 | F27: 3 | G27: 3 | H27: 3 | I27: 3 | J27: 3 | K27: 3 | L27: 3
A29: Table datasetSizingOps | B29: Dataset sizes used to calculate storage needs during Operations | C29: 12 | D29: 0
A30: Dataset Sizing | B30: unit | C30: LOY1 | D30: LOY2 | E30: LOY3 | F30: LOY4 | G30: LOY5 | H30: LOY6 | I30: LOY7 | J30: LOY8 | K30: LOY9 | L30: LOY10 | M30: Notes
A31: LSSTCam Area | B31: deg^2 | C31: 17000 | D31: 17000 | E31: 17000 | F31: 17000 | G31: 17000 | H31: 17000 | I31: 17000 | J31: 17000 | K31: 17000 | L31: 17000
A33: APDB | B33: TB | C33: =4.5/57000*'Ops Storage'!visitsPerNight*'Ops Storage'!nightsPerYear -> 23.684211 | D33: =4.5/57000*'Ops Storage'!visitsPerNight*'Ops Storage'!nightsPerYear -> 23.684211 | E33: =4.5/57000*'Ops Storage'!visitsPerNight*'Ops Storage'!nightsPerYear -> 23.684211 | F33: =4.5/57000*'Ops Storage'!visitsPerNight*'Ops Storage'!nightsPerYear -> 23.684211 | G33: =4.5/57000*'Ops Storage'!visitsPerNight*'Ops Storage'!nightsPerYear -> 23.684211 | H33: =4.5/57000*'Ops Storage'!visitsPerNight*'Ops Storage'!nightsPerYear -> 23.684211 | I33: =4.5/57000*'Ops Storage'!visitsPerNight*'Ops Storage'!nightsPerYear -> 23.684211 | J33: =4.5/57000*'Ops Storage'!visitsPerNight*'Ops Storage'!nightsPerYear -> 23.684211 | ... L33: =4.5/57000*'Ops Storage'!visitsPerNight*'Ops Storage'!nightsPerYear -> 23.684211 | M33: 4.5/57K TB per visit; 1 year retention; 6 months in 2020
A34: Object store datasets:
A35: Incremental LSSTCam Raw Images | B35: TB | C35: =sum(C19:C21)*C11*C12 -> 4816.027 | D35: =sum(D19:D21)*D11*D12-sum(C19:C21)*C11*C12 -> 4816.027 | E35: =sum(E19:E21)*E11*E12-sum(D19:D21)*D11*D12 -> 4816.027 | F35: =sum(F19:F21)*F11*F12-sum(E19:E21)*E11*E12 -> 4816.027 | G35: =sum(G19:G21)*G11*G12-sum(F19:F21)*F11*F12 -> 4816.027 | H35: =sum(H19:H21)*H11*H12-sum(G19:G21)*G11*G12 -> 4816.027 | I35: =sum(I19:I21)*I11*I12-sum(H19:H21)*H11*H12 -> 4816.027 | J35: =sum(J19:J21)*J11*J12-sum(I19:I21)*I11*I12 -> 4816.027 | K35: =sum(K19:K21)*K11*K12-sum(J19:J21)*J11*J12 -> 4816.027 | L35: =sum(L19:L21)*L11*L12-sum(K19:K21)*K11*K12 -> 4816.027 | M35: compressed, immediate object store
A36: LSSTCam Output Coadd Images | B36: TB | C36: =Storage!$C$41/Storage!$C$33*C31*C22 -> 2700 | D36: =Storage!$C$41/Storage!$C$33*D31*D22 -> 2700 | E36: =Storage!$C$41/Storage!$C$33*E31*E22 -> 2700 | F36: =Storage!$C$41/Storage!$C$33*F31*F22 -> 2700 | G36: =Storage!$C$41/Storage!$C$33*G31*G22 -> 2700 | H36: =Storage!$C$41/Storage!$C$33*H31*H22 -> 2700 | I36: =Storage!$C$41/Storage!$C$33*I31*I22 -> 2700 | J36: =Storage!$C$41/Storage!$C$33*J31*J22 -> 2700 | ... L36: =Storage!$C$41/Storage!$C$33*L31*L22 -> 2700 | M36: lossless-compressed, immediate object store
A37: Normal disk datasets:
A38: LSSTCam Output Images | B38: TB | C38: =Storage!$C$40*lsstCamImageToHscRatio*C19/C17 -> 6742.6089 | D38: =Storage!$C$40*lsstCamImageToHscRatio*D19/D17 -> 13485.218 | E38: =Storage!$C$40*lsstCamImageToHscRatio*E19/E17 -> 20227.827 | F38: =Storage!$C$40*lsstCamImageToHscRatio*F19/F17 -> 26970.436 | G38: =Storage!$C$40*lsstCamImageToHscRatio*G19/G17 -> 33713.045 | H38: =Storage!$C$40*lsstCamImageToHscRatio*H19/H17 -> 40455.654 | I38: =Storage!$C$40*lsstCamImageToHscRatio*I19/I17 -> 47198.263 | J38: =Storage!$C$40*lsstCamImageToHscRatio*J19/J17 -> 53940.872 | ... L38: =Storage!$C$40*lsstCamImageToHscRatio*L19/L17 -> 67426.089 | M38: lossless-compressed, moves to object store
A39: LSSTCam Output Parquet | B39: TB | C39: =Storage!$C$42*lsstCamImageToHscRatio*C19/C17 -> 3986.5675 | D39: =Storage!$C$42*lsstCamImageToHscRatio*D19/D17 -> 7973.1351 | E39: =Storage!$C$42*lsstCamImageToHscRatio*E19/E17 -> 11959.703 | F39: =Storage!$C$42*lsstCamImageToHscRatio*F19/F17 -> 15946.27 | G39: =Storage!$C$42*lsstCamImageToHscRatio*G19/G17 -> 19932.838 | H39: =Storage!$C$42*lsstCamImageToHscRatio*H19/H17 -> 23919.405 | I39: =Storage!$C$42*lsstCamImageToHscRatio*I19/I17 -> 27905.973 | J39: =Storage!$C$42*lsstCamImageToHscRatio*J19/J17 -> 31892.54 | ... L39: =Storage!$C$42*lsstCamImageToHscRatio*L19/L17 -> 39865.675 | M39: moves to object store
A40: Sims output | B40: TB | C40: 5 | D40: 5 | E40: 5 | F40: 5 | G40: 5 | H40: 5 | I40: 5 | J40: 5 | K40: 5 | L40: 5 | M40: Output of RPF simulations
A41: Scratch | B41: TB | C41: =0.1*C38 -> 674.26089 | D41: =0.1*D38 -> 1348.5218 | E41: =0.1*E38 -> 2022.7827 | F41: =0.1*F38 -> 2697.0436 | G41: =0.1*G38 -> 3371.3045 | H41: =0.1*H38 -> 4045.5654 | I41: =0.1*I38 -> 4719.8263 | J41: =0.1*J38 -> 5394.0872 | ... L41: =0.1*L38 -> 6742.6089 | M41: 10% of output images
A42: Qserv Czar/Object | B42: TB | C42: =C4*C23*'Ops Storage'!qservReplication/1000000000000 -> 156.42 | D42: =D4*D23*'Ops Storage'!qservReplication/1000000000000 -> 190.4175 | E42: =E4*E23*'Ops Storage'!qservReplication/1000000000000 -> 215.4852 | F42: =F4*F23*'Ops Storage'!qservReplication/1000000000000 -> 237.5658 | G42: =G4*G23*'Ops Storage'!qservReplication/1000000000000 -> 258.2424 | H42: =H4*H23*'Ops Storage'!qservReplication/1000000000000 -> 278.6466 | I42: =I4*I23*'Ops Storage'!qservReplication/1000000000000 -> 298.0152 | J42: =J4*J23*'Ops Storage'!qservReplication/1000000000000 -> 317.5983 | ... L42: =L4*L23*'Ops Storage'!qservReplication/1000000000000 -> 352.7982 | M42: based on row sizes and counts
A43: Qserv Database | B43: TB | C43: =(C4*(C23+C24)+C5*C25+C6*C26)*C27/1000000000000 -> 3509.5635 | D43: =(D4*(D23+D24)+D5*D25+D6*D26)*D27/1000000000000 -> 5747.7375 | E43: =(E4*(E23+E24)+E5*E25+E6*E26)*E27/1000000000000 -> 8017.9158 | F43: =(F4*(F23+F24)+F5*F25+F6*F26)*F27/1000000000000 -> 10378.109 | G43: =(G4*(G23+G24)+G5*G25+G6*G26)*G27/1000000000000 -> 12880.542 | H43: =(H4*(H23+H24)+H5*H25+H6*H26)*H27/1000000000000 -> 15475.083 | I43: =(I4*(I23+I24)+I5*I25+I6*I26)*I27/1000000000000 -> 18199.114 | J43: =(J4*(J23+J24)+J5*J25+J6*J26)*J27/1000000000000 -> 21042.022 | ... L43: =(L4*(L23+L24)+L5*L25+L6*L26)*L27/1000000000000 -> 27009.647 | M43: based on row sizes and counts
A44: Science User Home | B44: TB | C44: ='Ops Storage'!opsScienceUsers*'Ops Storage'!opsTBPerScienceUser -> 2000 | D44: ='Ops Storage'!opsScienceUsers*'Ops Storage'!opsTBPerScienceUser -> 3000 | E44: ='Ops Storage'!opsScienceUsers*'Ops Storage'!opsTBPerScienceUser -> 4200 | F44: ='Ops Storage'!opsScienceUsers*'Ops Storage'!opsTBPerScienceUser -> 5250 | G44: ='Ops Storage'!opsScienceUsers*'Ops Storage'!opsTBPerScienceUser -> 6000 | H44: ='Ops Storage'!opsScienceUsers*'Ops Storage'!opsTBPerScienceUser -> 6750 | I44: ='Ops Storage'!opsScienceUsers*'Ops Storage'!opsTBPerScienceUser -> 7500 | J44: ='Ops Storage'!opsScienceUsers*'Ops Storage'!opsTBPerScienceUser -> 8250 | ... L44: ='Ops Storage'!opsScienceUsers*'Ops Storage'!opsTBPerScienceUser -> 9750
A45: Other/Misc | B45: TB | C45: =0.2*sum(C33:C44) -> 4922.8264 | D45: =0.2*sum(D33:D44) -> 7857.9482 | E45: =0.2*sum(E33:E44) -> 10837.685 | F45: =0.2*sum(F33:F44) -> 13804.827 | G45: =0.2*sum(G33:G44) -> 16740.137 | H45: =0.2*sum(H33:H44) -> 19693.813 | I45: =0.2*sum(I33:I44) -> 22673.18 | J45: =0.2*sum(J33:J44) -> 25676.366 | ... L45: =0.2*sum(L33:L44) -> 31738.306 | M45: 20% of total
A47: Table storageFloorOps | B47: On floor LDF storage estimates during Operations | C47: 12 | D47: 0
A48: LDF Storage (on the floor) | B48: unit | C48: =C30 -> LOY1 | D48: =D30 -> LOY2 | E48: =E30 -> LOY3 | F48: =F30 -> LOY4 | G48: =G30 -> LOY5 | H48: =H30 -> LOY6 | I48: =I30 -> LOY7 | J48: =J30 -> LOY8 | ... L48: =L30 -> LOY10 | M48: Notes
A49: APDB | B49: TB | C49: =C33 -> 23.684211 | D49: =D33 -> 23.684211 | E49: =E33 -> 23.684211 | F49: =F33 -> 23.684211 | G49: =G33 -> 23.684211 | H49: =H33 -> 23.684211 | I49: =I33 -> 23.684211 | J49: =J33 -> 23.684211 | ... L49: =L33 -> 23.684211
A50: Qserv Czar/Object | B50: TB | C50: =Storage!F63 -> 182.49 | D50: =C42+D42 -> 346.8375 | E50: =C42+D42+E42 -> 562.3227 | F50: =D42+E42+F42 -> 643.4685 | G50: =E42+F42+G42 -> 711.2934 | H50: =F42+G42+H42 -> 774.4548 | I50: =G42+H42+I42 -> 834.9042 | J50: =H42+I42+J42 -> 894.2601 | K50: =I42+J42+K42 -> 950.8071 | L50: =J42+K42+L42 -> 1005.5901
A51: Total Fast | B51: TB | C51: =sum(C49:C50) -> 206.17421 | D51: =sum(D49:D50) -> 370.52171 | E51: =sum(E49:E50) -> 586.00691 | F51: =sum(F49:F50) -> 667.15271 | G51: =sum(G49:G50) -> 734.97761 | H51: =sum(H49:H50) -> 798.13901 | I51: =sum(I49:I50) -> 858.58841 | J51: =sum(J49:J50) -> 917.94431 | ... L51: =sum(L49:L50) -> 1029.2743 | M51: SSD
A53: Normal | B53: TB | C53: =Storage!F66 -> 24080.669 | D53: =sum(D38:D45) -> 39607.978 | E53: =sum(E38:E45) -> 57486.398 | F53: =sum(F38:F45) -> 75289.251 | G53: =sum(G38:G45) -> 92901.108 | H53: =sum(H38:H45) -> 110623.17 | I53: =sum(I38:I45) -> 128499.37 | J53: =sum(J38:J45) -> 146518.49 | K53: =sum(K38:K45) -> 164631.11 | L53: =sum(L38:L45) -> 182890.12 | M53: Enterprise SATA
A55: Qserv Storage | B55: TB | C55: =Storage!F68 -> 4094.4907 | D55: =D43+C43 -> 9257.301 | E55: =E43+D43+C43 -> 17275.217 | F55: =F43+E43+D43 -> 24143.762 | G55: =G43+F43+E43 -> 31276.567 | H55: =H43+G43+F43 -> 38733.734 | I55: =I43+H43+G43 -> 46554.739 | J55: =J43+I43+H43 -> 54716.22 | K55: =K43+J43+I43 -> 63205.979 | L55: =L43+K43+J43 -> 72016.512 | M55: 2 DRs loaded at any time, plus one being written
A57: LSSTCam Raw Images | B57: TB | C57: =Storage!F76 -> 6981.9651 | D57: =D35+C57 -> 11797.992 | E57: =E35+D57 -> 16614.019 | F57: =F35+E57 -> 21430.046 | G57: =G35+F57 -> 26246.073 | H57: =H35+G57 -> 31062.1 | I57: =I35+H57 -> 35878.127 | J57: =J35+I57 -> 40694.154 | K57: =K35+J57 -> 45510.181 | L57: =L35+K57 -> 50326.209
A58: LSSTCam Output Images | B58: TB | C58: =Storage!F71 -> 1966.5943 | D58: =D38*'Ops Storage'!lossyCompression+C58 -> 5337.8987 | E58: =(E38+D38)*'Ops Storage'!lossyCompression -> 8428.2612 | F58: =(F38+E38)*'Ops Storage'!lossyCompression -> 11799.566 | G58: =(G38+F38)*'Ops Storage'!lossyCompression -> 15170.87 | H58: =(H38+G38)*'Ops Storage'!lossyCompression -> 18542.175 | I58: =(I38+H38)*'Ops Storage'!lossyCompression -> 21913.479 | J58: =(J38+I38)*'Ops Storage'!lossyCompression -> 25284.784 | K58: =(K38+J38)*'Ops Storage'!lossyCompression -> 28656.088 | L58: =(L38+K38)*'Ops Storage'!lossyCompression -> 32027.392 | M58: 1 DR loaded at any time, plus one being written
A59: LSSTCam Output Coadd Images | B59: TB | C59: =Storage!F72 -> 3017.6471 | D59: =D36+C59 -> 5717.6471 | E59: =E36+D36+C36 -> 8100 | F59: =F36+E36+D36 -> 8100 | G59: =G36+F36+E36 -> 8100 | H59: =H36+G36+F36 -> 8100 | I59: =I36+H36+G36 -> 8100 | J59: =J36+I36+H36 -> 8100 | K59: =K36+J36+I36 -> 8100 | L59: =L36+K36+J36 -> 8100 | M59: 2 DRs loaded at any time, plus one being written
A60: LSSTCam Output Parquet | B60: TB | C60: =Storage!F73 -> 4650.9955 | D60: =D39+C60 -> 12624.131 | E60: =C39+D39+E39 -> 23919.405 | F60: =D39+E39+F39 -> 35879.108 | G60: =E39+F39+G39 -> 47838.81 | H60: =F39+G39+H39 -> 59798.513 | I60: =G39+H39+I39 -> 71758.216 | J60: =H39+I39+J39 -> 83717.918 | K60: =I39+J39+K39 -> 95677.621 | L60: =J39+K39+L39 -> 107637.32 | M60: 2 DRs loaded at any time, plus one being written
A61: Object Store | B61: TB | C61: =sum(C57:C60) -> 16617.202 | D61: =sum(D57:D60) -> 35477.668 | E61: =sum(E57:E60) -> 57061.686 | F61: =sum(F57:F60) -> 77208.72 | G61: =sum(G57:G60) -> 97355.754 | H61: =sum(H57:H60) -> 117502.79 | I61: =sum(I57:I60) -> 137649.82 | J61: =sum(J57:J60) -> 157796.86 | ... L61: =sum(L57:L60) -> 198090.92
A63: LSSTCam Raw Images | B63: TB | C63: =Storage!F76 -> 6981.9651 | D63: =D35+C63 -> 11797.992 | E63: =E35+D63 -> 16614.019 | F63: =F35+E63 -> 21430.046 | G63: =G35+F63 -> 26246.073 | H63: =H35+G63 -> 31062.1 | I63: =I35+H63 -> 35878.127 | J63: =J35+I63 -> 40694.154 | K63: =K35+J63 -> 45510.181 | L63: =L35+K63 -> 50326.209
A64: All Data Products/Backup | B64: TB | C64: =Storage!F77 -> 30472.868 | D64: =D53-SUM(D41:D43)+C64 -> 62794.169 | E64: =E53-SUM(E41:E43)+D64 -> 110024.38 | F64: =F53-SUM(F41:F43)+E64 -> 172000.92 | G64: =G53-SUM(G41:G43)+F64 -> 248391.94 | H64: =H53-SUM(H41:H43)+G64 -> 339215.81 | I64: =I53-SUM(I41:I43)+H64 -> 444498.22 | J64: =J53-SUM(J41:J43)+I64 -> 564263 | K64: =K53-SUM(K41:K43)+J64 -> 698525.73 | L64: =L53-SUM(L41:L43)+K64 -> 847310.8
A65: All Object Store-Only Products | B65: TB | C65: =Storage!F78 -> 3017.6471 | D65: =D36+C65 -> 5717.6471 | E65: =E36+D65 -> 8417.6471 | F65: =F36+E65 -> 11117.647 | G65: =G36+F65 -> 13817.647 | H65: =H36+G65 -> 16517.647 | I65: =I36+H65 -> 19217.647 | J65: =J36+I65 -> 21917.647 | K65: =K36+J65 -> 24617.647 | L65: =L36+K65 -> 27317.647
A66: Tape | B66: TB | C66: =sum(C63:C65) -> 40472.48 | D66: =sum(D63:D65) -> 80309.809 | E66: =sum(E63:E65) -> 135056.05 | F66: =sum(F63:F65) -> 204548.61 | G66: =sum(G63:G65) -> 288455.66 | H66: =sum(H63:H65) -> 386795.55 | I66: =sum(I63:I65) -> 499594 | J66: =sum(J63:J65) -> 626874.8 | ... L66: =sum(L63:L65) -> 924954.65
A68: Table chileStorageOps | B68: On floor Chile storage estimates during Operations | C68: 13 | D68: 0
A69: Chile Storage (on the floor) | B69: unit | C69: LOY1 | D69: LOY2 | E69: LOY3 | F69: LOY4 | G69: LOY5 | H69: LOY6 | I69: LOY7 | J69: LOY8 | K69: LOY9 | L69: LOY10 | M69: Notes
A70: Fast | B70: TB | C70: =ROUND(0.1*C44 +0.1*C41,0) -> 267 | D70: =ROUND(0.1*D44 +0.1*D41,0) -> 435 | E70: =ROUND(0.1*E44 +0.1*E41,0) -> 622 | F70: =ROUND(0.1*F44 +0.1*F41,0) -> 795 | G70: =ROUND(0.1*G44 +0.1*G41,0) -> 937 | H70: =ROUND(0.1*H44 +0.1*H41,0) -> 1080 | I70: =ROUND(0.1*I44 +0.1*I41,0) -> 1222 | J70: =ROUND(0.1*J44 +0.1*J41,0) -> 1364 | ... L70: =ROUND(0.1*L44 +0.1*L41,0) -> 1649 | M70: was qservc42 .. now % user home and scratch
A71: Qserv Storage | B71: TB | C71: =C55 -> 4094.4907 | D71: =D55 -> 9257.301 | E71: =E55 -> 17275.217 | F71: =F55 -> 24143.762 | G71: =G55 -> 31276.567 | H71: =H55 -> 38733.734 | I71: =I55 -> 46554.739 | J71: =J55 -> 54716.22 | ... L71: =L55 -> 72016.512 | M71: no longer
A72: Object Store | B72: TB | C72: =round((C57+C59)*Model!$G$14,0) -> 10500 | D72: =round((D57+D59)*Model!$G$14,0) -> 18391 | E72: =round((E57+E59)*Model!$G$14,0) -> 25950 | F72: =round((F57+F59)*Model!$G$14,0) -> 31007 | G72: =round((G57+G59)*Model!$G$14,0) -> 36063 | H72: =round((H57+H59)*Model!$G$14,0) -> 41120 | I72: =round((I57+I59)*Model!$G$14,0) -> 46177 | J72: =round((J57+J59)*Model!$G$14,0) -> 51234 | ... L72: =round((L57+L59)*Model!$G$14,0) -> 61348 | M72: was Object store above now cache 20% of it enogh for raws +
A75: Table dp2Sizing | B75: Guess at size of DP2 | C75: 4
A76: Item | B76: unit | C76: count | D76: note
A77: =A11 -> LSSTCam image size | B77: =B11 -> TB | C77: =C11 -> 0.015167634 | D77: from storageSizingOps
A78: Images per visit | B78: images | C78: 2
A79: Calibration images per day | B79: images | C79: 500
A80: =A16 -> Visits per night | B80: =B16 -> visits | C80: 900 | D80: slightly reduced from ops 1000
A81: One day commisioning images | B81: TB | C81: =C77*(C79+(C80*2)) -> 34.885557 | D81: no compression
A82: First photon | B82: date | C82: 45703
A83: SV start | B83: date | C83: 45848
A84: ORR | B84: date | C84: 45881
A85: Scheduled commisioning | B85: days | C85: =C84-C82 -> 178 | D85: =C85/365 -> 0.48767123
A87: Scheduled SV | B87: days | C87: =C84-C83 -> 33 | D87: =C87/365 -> 0.090410959
A88: Potential image volume | B88: TB | C88: =C81*C85 -> 6209.6292
A89: SV image volume | B89: TB | C89: =C87*C81 -> 1151.2234
A92: Table scaledSize | B92: Scaled from fraction of Year1 | C92: 4
A93: Item | B93: unit | C93: SV | D93: All commisoning
A94: =A55 -> Qserv Storage | B94: =B55 -> TB | C94: =C55*$D$87 -> 370.18683 | D94: =C55*$D$85 -> 1996.7654
A95: =A56
A96: =A57 -> LSSTCam Raw Images | B96: =B57 -> TB | C96: =C57*$D$87 -> 631.24616 | D96: =C57*$D$85 -> 3404.9035
A97: =A58 -> LSSTCam Output Images | B97: =B58 -> TB | C97: =C58*$D$87 -> 177.80167 | D97: =C58*$D$85 -> 959.05145
A98: =A59 -> LSSTCam Output Coadd Images | B98: =B59 -> TB | C98: =C59*$D$87 -> 272.82836 | D98: =C59*$D$85 -> 1471.6197
A99: =A60 -> LSSTCam Output Parquet | B99: =B60 -> TB | C99: =C60*$D$87 -> 420.50096 | D99: =C60*$D$85 -> 2268.1567
A100: =A61 -> Object Store | B100: =B61 -> TB | C100: =C61*$D$87 -> 1502.3772 | D100: =C61*$D$85 -> 8103.7313
A101: =A62
A102: =A64 -> All Data Products/Backup | B102: =B64 -> TB | C102: =C64*$D$87 -> 2755.0812 | D102: =C64*$D$85 -> 14860.741
A103: =A65 -> All Object Store-Only Products | B103: =B65 -> TB | C103: =C65*$D$87 -> 272.82836 | D103: =C65*$D$85 -> 1471.6197

Sheet Ops Compute
A1: Table computeSizingOps | B1: Compute needs during Operations | C1: 12 | D1: 0 | I1: 7 | J1: 0
A2: Data Release Production | B2: units | C2: LOY1 | D2: LOY2 | E2: LOY3 | F2: LOY4 | G2: LOY5 | H2: LOY6 | I2: LOY7 | J2: LOY8 | K2: LOY9 | L2: LOY10 | M2: Notes
A3: LSSTCam visit input size | B3: TB | C3: =Storage!$F$20*lsstCamImageSize/imagesPerVisit*(column()-2)*rawCompression -> 1911.1218 | D3: =Storage!$F$20*lsstCamImageSize/imagesPerVisit*(column()-2)*rawCompression -> 3822.2437 | E3: =Storage!$F$20*lsstCamImageSize/imagesPerVisit*(column()-2)*rawCompression -> 5733.3655 | F3: =Storage!$F$20*lsstCamImageSize/imagesPerVisit*(column()-2)*rawCompression -> 7644.4874 | G3: =Storage!$F$20*lsstCamImageSize/imagesPerVisit*(column()-2)*rawCompression -> 9555.6092 | H3: =Storage!$F$20*lsstCamImageSize/imagesPerVisit*(column()-2)*rawCompression -> 11466.731 | I3: =Storage!$F$20*lsstCamImageSize/imagesPerVisit*(column()-2)*rawCompression -> 13377.853 | J3: =Storage!$F$20*lsstCamImageSize/imagesPerVisit*(column()-2)*rawCompression -> 15288.975 | ... L3: =Storage!$F$20*lsstCamImageSize/imagesPerVisit*(column()-2)*rawCompression -> 19111.218
A4: DRP compute | B4: core-hours | C4: =C3*Compute!$C$8+Compute!$F$21 -> 45264684 | D4: =D3*Compute!$C$8 -> 81716014 | E4: =E3*Compute!$C$8 -> 1.2257402e+08 | F4: =F3*Compute!$C$8 -> 1.6343203e+08 | G4: =G3*Compute!$C$8 -> 2.0429003e+08 | H4: =H3*Compute!$C$8 -> 2.4514804e+08 | I4: =I3*Compute!$C$8 -> 2.8600605e+08 | J4: =J3*Compute!$C$8 -> 3.2686405e+08 | K4: =K3*Compute!$C$8 -> 367722061 | L4: =L3*Compute!$C$8 -> 4.0858007e+08
A6: Alert Production | B6: units | C6: =C2 -> LOY1 | D6: =D2 -> LOY2 | E6: =E2 -> LOY3 | F6: =F2 -> LOY4 | G6: =G2 -> LOY5 | H6: =H2 -> LOY6 | I6: =I2 -> LOY7 | J6: =J2 -> LOY8 | ... L6: =L2 -> LOY10 | M6: Notes
A7: AP cores | B7: cores | C7: =Compute!$F$27 -> 1188.4091 | D7: =C7 -> 1188.4091 | E7: =D7 -> 1188.4091 | F7: =E7 -> 1188.4091 | G7: =F7 -> 1188.4091 | H7: =G7 -> 1188.4091 | I7: =H7 -> 1188.4091 | J7: =I7 -> 1188.4091 | K7: =J7 -> 1188.4091 | L7: =K7 -> 1188.4091 | M7: minimum necessary to keep up
A9: US DAC | B9: units | C9: LOY1 | D9: LOY2 | E9: LOY3 | F9: LOY4 | G9: LOY5 | H9: LOY6 | I9: LOY7 | J9: LOY8 | K9: LOY9 | L9: LOY10 | M9: Notes
A10: LSP cores | B10: cores | C10: =C4*0.1/24/365 -> 516.72014 | D10: =D4*0.1/24/365 -> 932.8312 | E10: =E4*0.1/24/365 -> 1399.2468 | F10: =F4*0.1/24/365 -> 1865.6624 | G10: =G4*0.1/24/365 -> 2332.078 | H10: =H4*0.1/24/365 -> 2798.4936 | I10: =I4*0.1/24/365 -> 3264.9092 | J10: =J4*0.1/24/365 -> 3731.3248 | ... L10: =L4*0.1/24/365 -> 4664.156 | M10: 10% of DRP, over a year
A11: Qserv data per node | B11: TB/node | C11: =12*3600/1000 -> 43.2 | D11: =12*3600/1000 -> 43.2 | E11: =12*3600/1000*2 -> 86.4 | F11: =12*3600/1000*2 -> 86.4 | G11: =12*3600/1000*2 -> 86.4 | H11: =12*3600/1000*2 -> 86.4 | I11: =12*3600/1000*4 -> 172.8 | J11: =12*3600/1000*4 -> 172.8 | K11: =12*3600/1000*4 -> 172.8 | L11: =12*3600/1000*4 -> 172.8
A12: Qserv nodes | B12: nodes | C12: =CEILING('Ops Storage'!C$55/C$11,1) -> 95 | D12: =CEILING('Ops Storage'!D$43/D$11,1)+CEILING('Ops Storage'!C$43/C$11,1) -> 216 | E12: =CEILING('Ops Storage'!E$43/E$11,1)+CEILING('Ops Storage'!D$43/D$11,1)+CEILING('Ops Storage'!C$43/C$11,1) -> 309 | F12: =CEILING('Ops Storage'!F$43/F$11,1)+CEILING('Ops Storage'!E$43/E$11,1)+CEILING('Ops Storage'!D$43/D$11,1) -> 348 | G12: =CEILING('Ops Storage'!G$43/G$11,1)+CEILING('Ops Storage'!F$43/F$11,1)+CEILING('Ops Storage'!E$43/E$11,1) -> 364 | H12: =CEILING('Ops Storage'!H$43/H$11,1)+CEILING('Ops Storage'!G$43/G$11,1)+CEILING('Ops Storage'!F$43/F$11,1) -> 451 | I12: =CEILING('Ops Storage'!I$43/I$11,1)+CEILING('Ops Storage'!H$43/H$11,1)+CEILING('Ops Storage'!G$43/G$11,1) -> 436 | J12: =CEILING('Ops Storage'!J$43/J$11,1)+CEILING('Ops Storage'!I$43/I$11,1)+CEILING('Ops Storage'!H$43/H$11,1) -> 408 | K12: =CEILING('Ops Storage'!K$43/K$11,1)+CEILING('Ops Storage'!J$43/J$11,1)+CEILING('Ops Storage'!I$43/I$11,1) -> 367 | L12: =CEILING('Ops Storage'!L$43/L$11,1)+CEILING('Ops Storage'!K$43/K$11,1)+CEILING('Ops Storage'!J$43/J$11,1) -> 418 | M12: staff Qserv nodes included
A13: LSP cores/science user | B13: cores/user | C13: =C10/'Ops Storage'!opsScienceUsers -> 0.10334403 | D13: =D10/'Ops Storage'!opsScienceUsers -> 0.15547187 | E13: =E10/'Ops Storage'!opsScienceUsers -> 0.1998924 | F13: =F10/'Ops Storage'!opsScienceUsers -> 0.24875499 | G13: =G10/'Ops Storage'!opsScienceUsers -> 0.31094373 | H13: =H10/'Ops Storage'!opsScienceUsers -> 0.37313248 | I13: =I10/'Ops Storage'!opsScienceUsers -> 0.43532123 | J13: =J10/'Ops Storage'!opsScienceUsers -> 0.49750998 | ... L13: =L10/'Ops Storage'!opsScienceUsers -> 0.62188747 | M13: includes oversubscription
A15: Chilean DAC | B15: units | C15: LOY1 | D15: LOY2 | E15: LOY3 | F15: LOY4 | G15: LOY5 | H15: LOY6 | I15: LOY7 | J15: LOY8 | K15: LOY9 | L15: LOY10 | M15: Notes
A16: LSP cores | B16: cores | C16: =0.2*C10 -> 103.34403 | D16: =0.2*D10 -> 186.56624 | E16: =0.2*E10 -> 279.84936 | F16: =0.2*F10 -> 373.13248 | G16: =0.2*G10 -> 466.4156 | H16: =0.2*H10 -> 559.69872 | I16: =0.2*I10 -> 652.98184 | J16: =0.2*J10 -> 746.26496 | ... L16: =0.2*L10 -> 932.8312 | M16: 20% of US DAC
A17: Qserv nodes | B17: nodes | C17: =C12 -> 95 | D17: =D12 -> 216 | E17: =E12 -> 309 | F17: =F12 -> 348 | G17: =G12 -> 364 | H17: =H12 -> 451 | I17: =I12 -> 436 | J17: =J12 -> 408 | ... L17: =L12 -> 418 | M17: need 3rd DR for loading
A19: Staff LSP | B19: units | C19: LOY1 | D19: LOY2 | E19: LOY3 | F19: LOY4 | G19: LOY5 | H19: LOY6 | I19: LOY7 | J19: LOY8 | K19: LOY9 | L19: LOY10 | M19: Notes
A20: LSP cores | B20: cores | C20: =0.1*C10 -> 51.672014 | D20: =0.1*D10 -> 93.28312 | E20: =0.1*E10 -> 139.92468 | F20: =0.1*F10 -> 186.56624 | G20: =0.1*G10 -> 233.2078 | H20: =0.1*H10 -> 279.84936 | I20: =0.1*I10 -> 326.49092 | J20: =0.1*J10 -> 373.13248 | ... L20: =0.1*L10 -> 466.4156 | M20: 10% of US DAC

Sheet OPS proposal 
A2: USDF:Harware | B2: ='Ops Costs'!B50 -> 4.1975833 | C2: ='Ops Costs'!C50 -> 4.9866885 | D2: ='Ops Costs'!D50 -> 4.9873463 | E2: ='Ops Costs'!E50 -> 5.1334159 | F2: ='Ops Costs'!F50 -> 5.505049 | G2: ='Ops Costs'!G50 -> 7.2092778 | H2: ='Ops Costs'!H50 -> 6.2862525 | I2: ='Ops Costs'!I50 -> 6.3718347 | ... K2: ='Ops Costs'!K50 -> 6.2489093
A3: Back to $ | B3: =B2*1000000 -> 4197583.3 | C3: =C2*1000000 -> 4986688.5 | D3: =D2*1000000 -> 4987346.3 | E3: =E2*1000000 -> 5133415.9 | F3: =F2*1000000 -> 5505049 | G3: =G2*1000000 -> 7209277.8 | H3: =H2*1000000 -> 6286252.5 | I3: =I2*1000000 -> 6371834.7 | ... K3: =K2*1000000 -> 6248909.3 | L3: =K3/2 -> 3124454.7
A5: USDF preops Hardware | B5: =PreOps!B12 -> 0.43004762 | C5: =PreOps!C12 -> 0.22456359 | D5: =PreOps!D12 -> 1.1329771
A6: back to $ | B6: =B5*1000000 -> 430047.62 | C6: =C5*1000000 -> 224563.59 | D6: =D5*1000000 -> 1132977.1
A8: CHILE:Hardware | B8: ='Ops Costs'!B31 -> 0.96485544 | C8: ='Ops Costs'!C31 -> 0.86578121 | D8: ='Ops Costs'!D31 -> 0.83655788 | E8: ='Ops Costs'!E31 -> 0.70058055 | F8: ='Ops Costs'!F31 -> 0.74634181 | G8: ='Ops Costs'!G31 -> 1.414428 | H8: ='Ops Costs'!H31 -> 1.1461369 | I8: ='Ops Costs'!I31 -> 1.1325883 | ... M8: ='Ops Costs'!M31 -> 0.10987718
B9: =B8*1000000 -> 964855.44 | C9: =C8*1000000 -> 865781.21 | D9: =D8*1000000 -> 836557.88 | E9: =E8*1000000 -> 700580.55 | F9: =F8*1000000 -> 746341.81 | G9: =G8*1000000 -> 1414428 | H9: =H8*1000000 -> 1146136.9 | I9: =I8*1000000 -> 1132588.3 | ... M9: =M8*1000000 -> 109877.18
A11: Cloud | B11: =Cloud!B7 -> 110000 | C11: =Cloud!C7 -> 110000 | D11: =Cloud!D7 -> 110000 | E11: =Cloud!E7 -> 110000 | F11: =Cloud!F7 -> 110000 | G11: =Cloud!G7 -> 110000 | H11: =Cloud!H7 -> 110000 | I11: =Cloud!I7 -> 110000 | ... L11: =Cloud!L7 -> 100000
B16: Cores | C16: nodes | D16: racks
A17: Chile Alerts | B17: =Compute!F27 -> 1188.4091 | C17: =B17/32 -> 37.137784 | D17: =C17/Model!B117 -> 1.0316051
A22: cp line scratch | B22: 1066508.4 | C22: 1169047.9 | D22: 1170857.2 | E22: 962865.1 | F22: 884465.47 | G22: 1515684.4 | H22: 1426940.7 | I22: 1410545.1 | J22: 1224879.3 | K22: 1133377.1 | L22: 580235.52 | M22: 276570.8

Sheet LDM-572 Chile
A1: Table chileDac | B1: This table summarizes the compute and storage estimates usde to cost the Chilean DAC. | C1: 12 | D1: 0
A2: ='Ops Costs'!A55 -> Year | B2: ='Ops Costs'!B55 -> 2024 | C2: ='Ops Costs'!C55 -> 2025 | D2: ='Ops Costs'!D55 -> 2026 | E2: ='Ops Costs'!E55 -> 2027 | F2: ='Ops Costs'!F55 -> 2028 | G2: ='Ops Costs'!G55 -> 2029 | H2: ='Ops Costs'!H55 -> 2030 | ... M2: ='Ops Costs'!M55
A3: ='Ops Costs'!A92 -> Chilean DAC Fast Storage (TB) | B3: ='Ops Storage'!C70 -> 267 | C3: ='Ops Storage'!D70 -> 435 | D3: ='Ops Storage'!E70 -> 622 | E3: ='Ops Storage'!F70 -> 795 | F3: ='Ops Storage'!G70 -> 937 | G3: ='Ops Storage'!H70 -> 1080 | H3: ='Ops Storage'!I70 -> 1222 | I3: ='Ops Storage'!J70 -> 1364 | ... K3: ='Ops Storage'!L70 -> 1649
A4: ='Ops Costs'!A96 -> Chilean DAC Latent Storage (TB) | B4: ='Ops Storage'!C72 -> 10500 | C4: ='Ops Storage'!D72 -> 18391 | D4: ='Ops Storage'!E72 -> 25950 | E4: ='Ops Storage'!F72 -> 31007 | F4: ='Ops Storage'!G72 -> 36063 | G4: ='Ops Storage'!H72 -> 41120 | H4: ='Ops Storage'!I72 -> 46177 | I4: ='Ops Storage'!J72 -> 51234 | ... K4: ='Ops Storage'!L72 -> 61348
A5: ='Ops Costs'!A69 -> Cores (Chilean DAC) | B5: ='Ops Compute'!C16 -> 103.34403 | C5: ='Ops Compute'!D16 -> 186.56624 | D5: ='Ops Compute'!E16 -> 279.84936 | E5: ='Ops Compute'!F16 -> 373.13248 | F5: ='Ops Compute'!G16 -> 466.4156 | G5: ='Ops Compute'!H16 -> 559.69872 | H5: ='Ops Compute'!I16 -> 652.98184 | I5: ='Ops Compute'!J16 -> 746.26496 | ... K5: ='Ops Compute'!L16 -> 932.8312
A8: Table sizesImages | B8: This table summarizes some key data voluems used in DMTN-135. All Sizes TB. | C8: 12 | D8: 0
A9: =A2 -> Year | B9: =B2 -> 2024 | C9: =C2 -> 2025 | D9: =D2 -> 2026 | E9: =E2 -> 2027 | F9: =F2 -> 2028 | G9: =G2 -> 2029 | H9: =H2 -> 2030 | ... K9: =K2 -> 2033
A10: ='Ops Storage'!A57 -> LSSTCam Raw Images | B10: ='Ops Storage'!C57 -> 6981.9651 | C10: ='Ops Storage'!D57 -> 11797.992 | D10: ='Ops Storage'!E57 -> 16614.019 | E10: ='Ops Storage'!F57 -> 21430.046 | F10: ='Ops Storage'!G57 -> 26246.073 | G10: ='Ops Storage'!H57 -> 31062.1 | H10: ='Ops Storage'!I57 -> 35878.127 | I10: ='Ops Storage'!J57 -> 40694.154 | ... K10: ='Ops Storage'!L57 -> 50326.209
A11: ='Ops Storage'!A58 -> LSSTCam Output Images | B11: ='Ops Storage'!C58 -> 1966.5943 | C11: ='Ops Storage'!D58 -> 5337.8987 | D11: ='Ops Storage'!E58 -> 8428.2612 | E11: ='Ops Storage'!F58 -> 11799.566 | F11: ='Ops Storage'!G58 -> 15170.87 | G11: ='Ops Storage'!H58 -> 18542.175 | H11: ='Ops Storage'!I58 -> 21913.479 | I11: ='Ops Storage'!J58 -> 25284.784 | ... K11: ='Ops Storage'!L58 -> 32027.392
A12: ='Ops Storage'!A59 -> LSSTCam Output Coadd Images | B12: ='Ops Storage'!C59 -> 3017.6471 | C12: ='Ops Storage'!D59 -> 5717.6471 | D12: ='Ops Storage'!E59 -> 8100 | E12: ='Ops Storage'!F59 -> 8100 | F12: ='Ops Storage'!G59 -> 8100 | G12: ='Ops Storage'!H59 -> 8100 | H12: ='Ops Storage'!I59 -> 8100 | I12: ='Ops Storage'!J59 -> 8100 | ... K12: ='Ops Storage'!L59 -> 8100
A13: ='Ops Storage'!A60 -> LSSTCam Output Parquet | B13: ='Ops Storage'!C60 -> 4650.9955 | C13: ='Ops Storage'!D60 -> 12624.131 | D13: ='Ops Storage'!E60 -> 23919.405 | E13: ='Ops Storage'!F60 -> 35879.108 | F13: ='Ops Storage'!G60 -> 47838.81 | G13: ='Ops Storage'!H60 -> 59798.513 | H13: ='Ops Storage'!I60 -> 71758.216 | I13: ='Ops Storage'!J60 -> 83717.918 | ... K13: ='Ops Storage'!L60 -> 107637.32
A16: DIff DAC Latent to Raw+Coadd | B16: =B4-(B10+B12) -> 500.38781 | C16: =C4-(C10+C12) -> 875.36077 | D16: =D4-(D10+D12) -> 1235.9808 | E16: =E4-(E10+E12) -> 1476.9537 | F16: =F4-(F10+F12) -> 1716.9267 | G16: =G4-(G10+G12) -> 1957.8997 | H16: =H4-(H10+H12) -> 2198.8726 | I16: =I4-(I10+I12) -> 2439.8456 | ... K16: =K4-(K10+K12) -> 2921.7915
A19: Table backipNet | B19: Some calculations based on the charge for Google between Santiago and Iowa . | C19: 4 | D19: 0
B20: Volume | C20: Cost | D20: Latency
A21: GB Charge ($) | B21: 1 | C21: 0.08 | D21: 130ms
A22: TB Charge ($) | B22: 1000 | C22: =C21*1000 -> 80
A23: 1 day/night (TB inc EFD + ) | B23: 25 | C23: =C22*B23 -> 2000
A24: Approx days needed | B24: 30 | C24: =C23*B24 -> 60000

Sheet Charts
B1: USDF storage over time | G1: Chilean storage over time | K1: Data release size
A2: Year | B2: Fast | C2: Normal | D2: Qserv | E2: Object Store | F2: Tape | G2: Fast | H2: Qserv | I2: Object Store | J2: DRP Core Hours | K2: Incremental raw images | L2: Raw images | M2: Processed Images | N2: Co-added Images | O2: Parquet Tables | P2: Qserv Czar | Q2: Qserv Database | R2: Catalog Database
A3: FY21 | B3: {=TRANSPOSE(Storage!C64:E64)} -> 11.842105 | C3: {=TRANSPOSE(Storage!C66:E66)} -> 3466.8175 | D3: {=TRANSPOSE(Storage!C68:E68)} -> 1087.7691 | E3: {=TRANSPOSE(Storage!C74:E74)} -> 318.52031 | F3: {=TRANSPOSE(Storage!C79:E79)} -> 2697.5687 | G3: 0 | H3: 0 | I3: 0 | J3: {=TRANSPOSE(Compute!C24:E24)} -> 4406677.7
A4: FY22 | B4: 23.684211 | C4: 3534.964 | D4: 1087.7691 | E4: 875.93084 | F4: 5702.1741 | G4: 0 | H4: 0 | I4: 0 | J4: 4406677.7
A5: FY23 | B5: 49.754211 | C5: 6629.574 | D5: 584.92725 | E5: 3428.9551 | F5: 13216.028 | G5: 0 | H5: 0 | I5: 0 | J5: 11216345
A6: Y1 | B6: {=TRANSPOSE('Ops Storage'!C51:L51)} -> 206.17421 | C6: {=TRANSPOSE('Ops Storage'!C53:L53)} -> 24080.669 | D6: {=TRANSPOSE('Ops Storage'!C55:L55)} -> 4094.4907 | E6: {=TRANSPOSE('Ops Storage'!C61:L61)} -> 16617.202 | F6: {=TRANSPOSE('Ops Storage'!C66:L66)} -> 40472.48 | G6: {=TRANSPOSE('Ops Storage'!C70:L70)} -> 267 | H6: {=TRANSPOSE('Ops Storage'!C71:L71)} -> 4094.4907 | I6: {=TRANSPOSE('Ops Storage'!C72:L72)} -> 10500 | J6: {=TRANSPOSE('Ops Compute'!C4:L4)} -> 45264684 | K6: {=TRANSPOSE('Ops Storage'!C35:L35)} -> 4816.027 | L6: =K6+L5 -> 4816.027 | M6: {=TRANSPOSE('Ops Storage'!C38:L38)} -> 6742.6089 | N6: {=TRANSPOSE('Ops Storage'!C36:L36)} -> 2700 | O6: {=TRANSPOSE('Ops Storage'!C39:L39)} -> 3986.5675 | P6: {=TRANSPOSE('Ops Storage'!C42:L42)} -> 156.42 | Q6: {=TRANSPOSE('Ops Storage'!C43:L43)} -> 3509.5635 | R6: =P6+Q6 -> 3665.9835
A7: Y2 | B7: 370.52171 | C7: 39607.978 | D7: 9257.301 | E7: 35477.669 | F7: 80309.809 | G7: 435 | H7: 9257.301 | I7: 18391 | J7: 81716014 | K7: 4816.027 | L7: =K7+L6 -> 9632.0541 | M7: 13485.218 | N7: 2700 | O7: 7973.1351 | P7: 190.4175 | Q7: 5747.7375 | R7: =P7+Q7 -> 5938.155
A8: Y3 | B8: 586.00691 | C8: 57486.398 | D8: 17275.217 | E8: 57061.686 | F8: 135056.05 | G8: 622 | H8: 17275.217 | I8: 25950 | J8: 1.2257402e+08 | K8: 4816.027 | L8: =K8+L7 -> 14448.081 | M8: 20227.827 | N8: 2700 | O8: 11959.703 | P8: 215.4852 | Q8: 8017.9158 | R8: =P8+Q8 -> 8233.401
A9: Y4 | B9: 667.15271 | C9: 75289.251 | D9: 24143.762 | E9: 77208.72 | F9: 204548.61 | G9: 795 | H9: 24143.762 | I9: 31007 | J9: 1.6343203e+08 | K9: 4816.027 | L9: =K9+L8 -> 19264.108 | M9: 26970.436 | N9: 2700 | O9: 15946.27 | P9: 237.5658 | Q9: 10378.109 | R9: =P9+Q9 -> 10615.675
A10: Y5 | B10: 734.97761 | C10: 92901.108 | D10: 31276.567 | E10: 97355.754 | F10: 288455.66 | G10: 937 | H10: 31276.567 | I10: 36063 | J10: 2.0429003e+08 | K10: 4816.027 | L10: =K10+L9 -> 24080.135 | M10: 33713.045 | N10: 2700 | O10: 19932.838 | P10: 258.2424 | Q10: 12880.542 | R10: =P10+Q10 -> 13138.784
A11: Y6 | B11: 798.13901 | C11: 110623.17 | D11: 38733.734 | E11: 117502.79 | F11: 386795.55 | G11: 1080 | H11: 38733.734 | I11: 41120 | J11: 2.4514804e+08 | K11: 4816.027 | L11: =K11+L10 -> 28896.162 | M11: 40455.654 | N11: 2700 | O11: 23919.405 | P11: 278.6466 | Q11: 15475.083 | R11: =P11+Q11 -> 15753.73
A12: Y7 | B12: 858.58841 | C12: 128499.37 | D12: 46554.739 | E12: 137649.82 | F12: 499594 | G12: 1222 | H12: 46554.739 | I12: 46177 | J12: 2.8600605e+08 | K12: 4816.027 | L12: =K12+L11 -> 33712.189 | M12: 47198.263 | N12: 2700 | O12: 27905.973 | P12: 298.0152 | Q12: 18199.114 | R12: =P12+Q12 -> 18497.129
A13: Y8 | B13: 917.94431 | C13: 146518.49 | D13: 54716.22 | E13: 157796.86 | F13: 626874.8 | G13: 1364 | H13: 54716.22 | I13: 51234 | J13: 3.2686405e+08 | K13: 4816.027 | L13: =K13+L12 -> 38528.216 | M13: 53940.872 | N13: 2700 | O13: 31892.54 | P13: 317.5983 | Q13: 21042.022 | R13: =P13+Q13 -> 21359.621
A14: Y9 | B14: 974.49131 | C14: 164631.11 | D14: 63205.979 | E14: 177943.89 | F14: 768653.55 | G14: 1507 | H14: 63205.979 | I14: 56291 | J14: 3.6772206e+08 | K14: 4816.027 | L14: =K14+L13 -> 43344.243 | M14: 60683.48 | N14: 2700 | O14: 35879.108 | P14: 335.1936 | Q14: 23964.842 | R14: =P14+Q14 -> 24300.036
A15: Y10 | B15: 1029.2743 | C15: 182890.12 | D15: 72016.512 | E15: 198090.92 | F15: 924954.65 | G15: 1649 | H15: 72016.512 | I15: 61348 | J15: 4.0858007e+08 | K15: 4816.027 | L15: =K15+L14 -> 48160.27 | M15: 67426.089 | N15: 2700 | O15: 39865.675 | P15: 352.7982 | Q15: 27009.647 | R15: =P15+Q15 -> 27362.445

Sheet SOW-010
A2: Table idfneeds | B2: Compute and storage needs for IDF. | C2: 4 | D2: 0
A3: =Model!A45 -> Year | B3: =Model!C45 -> 2021 | C3: =Model!D45 -> 2022 | D3: =Model!E45 -> 2023 | E3: =Model!F45 -> 2024
A4: =Model!A46 -> Core-hours Needed Total (DRP) | B4: =Model!C46 -> 4406677.7 | C4: =Model!D46 -> 4406677.7 | D4: =Model!E46 -> 11216345 | E4: =Model!F46 -> 45264684
A5: =Model!A48 -> Time to Process days | B5: =Model!C48 -> 100 | C5: =Model!D48 -> 100 | D5: =Model!E48 -> 100 | E5: =Model!F48 -> 100
A6: =Model!A50 -> Instantaneous cores (DRP) Total | B6: =Model!C50 -> 1836.1157 | C6: =Model!D50 -> 1836.1157 | D6: =Model!E50 -> 4673.4773 | E6: =Model!F50 -> 18860.285
A7: =Model!A52 -> Instantaneous cores (Alerts) | B7: =Model!C52 -> 0 | C7: =Model!D52 -> 0 | D7: =Model!E52 -> 1188.4091 | E7: =Model!F52 -> 1188.4091
A8: =Model!A54 -> Instantaneous cores (US DAC/Staff) | B8: =Model!C54 -> 540 | C8: =Model!D54 -> 540 | D8: =Model!E54 -> 140.84452 | E8: =Model!F54 -> 568.39216
A9: =Model!A58 -> Qserv nodes (US DAC/Staff) | B9: =Model!C58 | C9: =Model!D58 | D9: =Model!E58 -> 14 | E9: =Model!F58 -> 95
A10: Approximate number Xeon Nodes | B10: =Model!B$108 -> 111 | C10: =Model!C$108 -> 111 | D10: =Model!D$108 -> 251 | E10: =Model!E$108 -> 788
A11: =Model!A$63 -> Fast Storage (TB) | B11: =Model!C$63 -> 11.842105 | C11: =Model!D$63 -> 23.684211 | D11: =Model!E$63 -> 49.754211 | E11: =Model!F$63 -> 206.17421
A12: =Model!A$65 -> Normal Storage (TB) | B12: =Model!C$65 -> 3466.8175 | C12: =Model!D$65 -> 3534.964 | D12: =Model!E$65 -> 6629.574 | E12: =Model!F$65 -> 24080.669
A13: =Model!A$67 -> Latent Storage (TB) | B13: =Model!C$67 -> 318.52031 | C13: =Model!D$67 -> 875.93084 | D13: =Model!E$67 -> 3428.9551 | E13: =Model!F$67 -> 16617.202
A14: =Model!A$69 -> High Latency (TB) | B14: =Model!C$69 -> 2697.5687 | C14: =Model!D$69 -> 5702.1741 | D14: =Model!E$69 -> 13216.028 | E14: =Model!F$69 -> 40472.48
A15: Total Storage (TB) | B15: =sum(B11:B14) -> 6494.7487 | C15: =sum(C11:C14) -> 10136.753 | D15: =sum(D11:D14) -> 23324.312 | E15: =sum(E11:E14) -> 81376.526
A17: Table idfmachines | B17: Machine types used in sizing model. | C17: 4 | D17: 0
A18: =Model!A$25 -> Type of machine | B18: =Model!B$25 -> Cores | C18: =Model!C$25 -> Memory(GB) | D18: =Model!D$25 -> Eff cores/node
A19: =Model!A$26 -> Xeon | B19: =Model!B$26 -> 32 | C19: =Model!C$26 -> 192 | D19: =Model!D$26 -> 27
A20: =Model!A$27 -> Qserv | B20: =Model!B$27 -> 12 | C20: =Model!C$27 -> 128 | D20: =Model!D$27 -> 12
A21: =Model!A$30 -> current compute node | B21: =Model!B$30 -> 24 | C21: =Model!C$30 -> 128 | D21: =Model!D$30 -> 24
A24: Table idfstorage | B24: Storage types used in sizing model. | C24: 1 | D24: 0
A25: =Model!A34 -> Storage type
A26: =Model!A35 -> fast -- NVMe (50GB/s each) /TB
A27: =Model!A36 -> normal - SATA GPFS file systems/TB
A28: =Model!A37 -> latency -- slower but on disk
A29: =Model!A38 -> high latency -- very slow -- on tape
A33: Table idfcloud | B33: Storage needs for IDF taking into account cloud availability and services. This elimiated in house high latency storage and reduces some redundancy. | C33: 4 | D33: 0
A34: Year | B34: 2020 | C34: 2021 | D34: 2022
A35: Fast (SSD) Storage (TB) | B35: =Storage!C38+Storage!C55 -> 11.842105 | C35: =Storage!D38+Storage!D55 -> 23.684211 | D35: =Storage!E38+Storage!E55 -> 49.754211 | F35: This is APDB (high IOPS) plus certain Qserv tables (also high IOPS).
A36: Cold Object Store (TB) | B36: =Storage!C46+Storage!C49+Storage!C51 -> 1228.8725 | C36: =Storage!C46+Storage!D46+Storage!D49+Storage!D51 -> 1786.283 | D36: =Storage!C46+Storage!D46+Storage!E46+Storage!E49+Storage!E51 -> 3076.2903 | F36: This is LSSTCam raw images, accumulating over the years, plus precursor raw images and precursor output catalogs that are expected to be retrieved only for loading into Qserv or other databases.
A37: Infrequent Object Store (TB) | B37: =Storage!C50+Storage!C52 -> 738.55366 | C37: =Storage!D50+Storage!D52 -> 738.55366 | D37: =Storage!E50+Storage!E52 -> 1862.3218 | F37: This is precursor and LSSTCam output PVIs, lossless-compressed. Infrequent access by pipelines.
A38: Object Store (S3) (TB) | B38: =Storage!C53+Storage!C52*0.25+Storage!C47+Storage!C58 -> 725.14257 | C38: =Storage!D53+Storage!D52*0.25+Storage!D47+Storage!D58 -> 778.28904 | D38: =Storage!E53+Storage!E52*0.25+Storage!E47+Storage!E58 -> 2732.115 | F38: This is precursor and LSSTCam output catalogs plus coadds and lossy-compressed PVIs. It is anticipated that these will be used frequently for science.
A39: Normal node attached FS (TB) | B39: =round(Storage!C56/3,0)+40 -> 403 | C39: =round(Storage!D56/3,0)+40 -> 403 | D39: =round(Storage!E56/3,0)+round(Storage!D56/3,0)+Storage!E54 -> 670.37682 | F39: This is Qserv catalog storage, 1 copy instead of 3, plus scratch space (with a nominal number for 2020 and 2021).
A40: Normal shared FS (TB) | B40: =Storage!C57 -> 5 | C40: =Storage!D57 -> 20 | D40: =Storage!E57 -> 1000 | F40: This is science user home directory storage.
A41: Total (TB) | B41: =sum(B35:B40) -> 3112.4108 | C41: =sum(C35:C40) -> 3749.8099 | D41: =sum(D35:D40) -> 9390.8581

Sheet FOA
A1: Table foa22 | B1: This table outlines the estimated needs pre LOY1 | C1: 2 | D1: 0
A2: =Model!A45 -> Year | B2: =Model!E45 -> 2023
A3: =Model!A50 -> Instantaneous cores (DRP) Total | B3: =Model!E50 -> 4673.4773
A4: =Model!A52 -> Instantaneous cores (Alerts) | B4: =Model!E52 -> 1188.4091
A5: =Model!A58 -> Qserv nodes (US DAC/Staff) | B5: =Model!E58 -> 14
A6: =Model!A$108 -> Total owned nodes | B6: =Model!E108 -> 788
A7: =Model!A$63 -> Fast Storage (TB) | B7: =Model!E63 -> 49.754211
A8: =Model!A$65 -> Normal Storage (TB) | B8: =Model!E65 -> 6629.574
A9: =Model!A$67 -> Latent Storage (TB) | B9: =Model!E67 -> 3428.9551
A10: =Model!A$69 -> High Latency (TB) | B10: =Model!E69 -> 13216.028

Sheet Network Flow
A1: DRP campaign length (days) | B1: 200 | C1: Transfer time for Coadds to Chile (days) | D1: 15 | F1: DESC transfer time (days) | G1: 15 | I1: IDACS transfer (days) | J1: 30
B2: LOY1 | C2: LOY2 | D2: LOY3 | E2: LOY4 | F2: LOY5 | G2: LOY6 | H2: LOY7 | I2: LOY8 | J2: LOY9 | K2: LOY10 | M2: Units | N2: Notes
A4: ='Ops Storage'!A35 -> Incremental LSSTCam Raw Images | B4: ='Ops Storage'!C35 -> 4816.027 | C4: ='Ops Storage'!D35 -> 4816.027 | D4: ='Ops Storage'!E35 -> 4816.027 | E4: ='Ops Storage'!F35 -> 4816.027 | F4: ='Ops Storage'!G35 -> 4816.027 | G4: ='Ops Storage'!H35 -> 4816.027 | H4: ='Ops Storage'!I35 -> 4816.027 | I4: ='Ops Storage'!J35 -> 4816.027 | ... K4: ='Ops Storage'!L35 -> 4816.027 | M4: TB | N4: taken from row 35 in Ops Storage tab
A5: ='Ops Storage'!A36 -> LSSTCam Output Coadd Images | B5: ='Ops Storage'!C36 -> 2700 | C5: ='Ops Storage'!D36 -> 2700 | D5: ='Ops Storage'!E36 -> 2700 | E5: ='Ops Storage'!F36 -> 2700 | F5: ='Ops Storage'!G36 -> 2700 | G5: ='Ops Storage'!H36 -> 2700 | H5: ='Ops Storage'!I36 -> 2700 | I5: ='Ops Storage'!J36 -> 2700 | ... K5: ='Ops Storage'!L36 -> 2700 | M5: TB | N5: taken from row 36 in Ops Storage tab
A6: Total DRP output | B6: ='Ops Storage'!C38+'Ops Storage'!C39 -> 10729.176 | C6: ='Ops Storage'!D38+'Ops Storage'!D39 -> 21458.353 | D6: ='Ops Storage'!E38+'Ops Storage'!E39 -> 32187.529 | E6: ='Ops Storage'!F38+'Ops Storage'!F39 -> 42916.706 | F6: ='Ops Storage'!G38+'Ops Storage'!G39 -> 53645.882 | G6: ='Ops Storage'!H38+'Ops Storage'!H39 -> 64375.059 | H6: ='Ops Storage'!I38+'Ops Storage'!I39 -> 75104.235 | I6: ='Ops Storage'!J38+'Ops Storage'!J39 -> 85833.412 | ... K6: ='Ops Storage'!L38+'Ops Storage'!L39 -> 107291.76 | M6: TB | N6: sum of Ops Storage 38, 39 - Images, Parquet
A7: Catalog size (TB) | B7: ='Ops Storage'!C43 -> 3509.5635 | C7: ='Ops Storage'!D43 -> 5747.7375 | D7: ='Ops Storage'!E43 -> 8017.9158 | E7: ='Ops Storage'!F43 -> 10378.109 | F7: ='Ops Storage'!G43 -> 12880.542 | G7: ='Ops Storage'!H43 -> 15475.083 | H7: ='Ops Storage'!I43 -> 18199.114 | I7: ='Ops Storage'!J43 -> 21042.022 | ... K7: ='Ops Storage'!L43 -> 27009.647 | M7: TB
A8: Total DRP ave Rate | B8: =B6*8/$B$1/86400*1000 -> 4.9672113 | C8: =C6*8/$B$1/86400*1000 -> 9.9344227 | D8: =D6*8/$B$1/86400*1000 -> 14.901634 | E8: =E6*8/$B$1/86400*1000 -> 19.868845 | F8: =F6*8/$B$1/86400*1000 -> 24.836057 | G8: =G6*8/$B$1/86400*1000 -> 29.803268 | H8: =H6*8/$B$1/86400*1000 -> 34.770479 | I8: =I6*8/$B$1/86400*1000 -> 39.737691 | ... K8: =K6*8/$B$1/86400*1000 -> 49.672113 | M8: Gb/s | N8: Assumes even production and transfer daily over campaign length
A10: Raw Image Max Rate Chile to SLAC | B10: ='Ops Storage'!$C$11*'Ops Storage'!$C$12*'Ops Storage'!$C$17/6*1000*8 -> 16.98775 | C10: ='Ops Storage'!$C$11*'Ops Storage'!$C$12*'Ops Storage'!$C$17/6*1000*8 -> 16.98775 | D10: ='Ops Storage'!$C$11*'Ops Storage'!$C$12*'Ops Storage'!$C$17/6*1000*8 -> 16.98775 | E10: ='Ops Storage'!$C$11*'Ops Storage'!$C$12*'Ops Storage'!$C$17/6*1000*8 -> 16.98775 | F10: ='Ops Storage'!$C$11*'Ops Storage'!$C$12*'Ops Storage'!$C$17/6*1000*8 -> 16.98775 | G10: ='Ops Storage'!$C$11*'Ops Storage'!$C$12*'Ops Storage'!$C$17/6*1000*8 -> 16.98775 | H10: ='Ops Storage'!$C$11*'Ops Storage'!$C$12*'Ops Storage'!$C$17/6*1000*8 -> 16.98775 | I10: ='Ops Storage'!$C$11*'Ops Storage'!$C$12*'Ops Storage'!$C$17/6*1000*8 -> 16.98775 | ... K10: ='Ops Storage'!$C$11*'Ops Storage'!$C$12*'Ops Storage'!$C$17/6*1000*8 -> 16.98775 | M10: Gb/s | N10: 2 images in 6 secs to SLAC. 15 GB/image. Compressed.
A11: EFD ave rate Chile to SLAC | B11: 1 | C11: 1 | D11: 1 | E11: 1 | F11: 1 | G11: 1 | H11: 1 | I11: 1 | J11: 1 | K11: 1 | M11: Gb/s | N11: said to be 1 Gb/s
A12: Raw Image SLAC to CC | B12: =B4/'Ops Storage'!C15*8/86400*1000 -> 1.4864281 | C12: =C4/'Ops Storage'!D15*8/86400*1000 -> 1.4864281 | D12: =D4/'Ops Storage'!E15*8/86400*1000 -> 1.4864281 | E12: =E4/'Ops Storage'!F15*8/86400*1000 -> 1.4864281 | F12: =F4/'Ops Storage'!G15*8/86400*1000 -> 1.4864281 | G12: =G4/'Ops Storage'!H15*8/86400*1000 -> 1.4864281 | H12: =H4/'Ops Storage'!I15*8/86400*1000 -> 1.4864281 | I12: =I4/'Ops Storage'!J15*8/86400*1000 -> 1.4864281 | ... K12: =K4/'Ops Storage'!L15*8/86400*1000 -> 1.4864281 | M12: Gb/s | N12: assume sending daily, but spread out over full day, not just during observing
A13: DRP output SLAC to CC | B13: =B8*0.25 -> 1.2418028 | C13: =C8*0.25 -> 2.4836057 | D13: =D8*0.25 -> 3.7254085 | E13: =E8*0.25 -> 4.9672113 | F13: =F8*0.25 -> 6.2090142 | G13: =G8*0.25 -> 7.450817 | H13: =H8*0.25 -> 8.6926198 | I13: =I8*0.25 -> 9.9344227 | ... K13: =K8*0.25 -> 12.418028 | M13: Gb/s | N13: 25% at SLAC
A14: DRP output UK to CC | B14: =B8*0.25 -> 1.2418028 | C14: =C8*0.25 -> 2.4836057 | D14: =D8*0.25 -> 3.7254085 | E14: =E8*0.25 -> 4.9672113 | F14: =F8*0.25 -> 6.2090142 | G14: =G8*0.25 -> 7.450817 | H14: =H8*0.25 -> 8.6926198 | I14: =I8*0.25 -> 9.9344227 | ... K14: =K8*0.25 -> 12.418028 | M14: Gb/s | N14: 25% done in UK.
A15: DRP output CC to UK | B15: =B8*0.75 -> 3.7254085 | C15: =C8*0.75 -> 7.450817 | D15: =D8*0.75 -> 11.176225 | E15: =E8*0.75 -> 14.901634 | F15: =F8*0.75 -> 18.627042 | G15: =G8*0.75 -> 22.352451 | H15: =H8*0.75 -> 26.077859 | I15: =I8*0.75 -> 29.803268 | ... K15: =K8*0.75 -> 37.254085 | M15: Gb/s | N15: UK keeps a full copy
A16: DRP output CC to SLAC | B16: =B8*0.75 -> 3.7254085 | C16: =C8*0.75 -> 7.450817 | D16: =D8*0.75 -> 11.176225 | E16: =E8*0.75 -> 14.901634 | F16: =F8*0.75 -> 18.627042 | G16: =G8*0.75 -> 22.352451 | H16: =H8*0.75 -> 26.077859 | I16: =I8*0.75 -> 29.803268 | ... K16: =K8*0.75 -> 37.254085 | M16: Gb/s | N16: SLAC keeps full copy
A17: Raw image CC to UK | B17: =0.25*B4/'Ops Storage'!C15*8/86400*1000 -> 0.37160702 | C17: =0.25*C4/'Ops Storage'!D15*8/86400*1000 -> 0.37160702 | D17: =0.25*D4/'Ops Storage'!E15*8/86400*1000 -> 0.37160702 | E17: =0.25*E4/'Ops Storage'!F15*8/86400*1000 -> 0.37160702 | F17: =0.25*F4/'Ops Storage'!G15*8/86400*1000 -> 0.37160702 | G17: =0.25*G4/'Ops Storage'!H15*8/86400*1000 -> 0.37160702 | H17: =0.25*H4/'Ops Storage'!I15*8/86400*1000 -> 0.37160702 | I17: =0.25*I4/'Ops Storage'!J15*8/86400*1000 -> 0.37160702 | ... K17: =0.25*K4/'Ops Storage'!L15*8/86400*1000 -> 0.37160702 | M17: Gb/s | N17: 25% of raw images
A18: Alerts SLAC to Brokers | B18: 15 | C18: 15 | D18: 15 | E18: 15 | F18: 15 | G18: 15 | H18: 15 | I18: 15 | J18: 15 | K18: 15 | M18: Gb/s | N18: fixed 15 Gb/s for now
A19: 10% 1-yr SLAC to DESC/NERSC | B19: =0.1*B5*8*1000/$G$1/86400 -> 1.6666667 | C19: =0.1*C5*8*1000/$G$1/86400 -> 1.6666667 | D19: =0.1*D5*8*1000/$G$1/86400 -> 1.6666667 | E19: =0.1*E5*8*1000/$G$1/86400 -> 1.6666667 | F19: =0.1*F5*8*1000/$G$1/86400 -> 1.6666667 | G19: =0.1*G5*8*1000/$G$1/86400 -> 1.6666667 | H19: =0.1*H5*8*1000/$G$1/86400 -> 1.6666667 | I19: =0.1*I5*8*1000/$G$1/86400 -> 1.6666667 | ... K19: =0.1*K5*8*1000/$G$1/86400 -> 1.6666667 | M19: Gb/s | N19: use CoAdds as proxy for which 10% image data to transfer (calibrated images?)
A20: Catalogs SLAC to IDACS | B20: =1*'Ops Storage'!C43*8*1000/$J$1/86400/'Ops Storage'!C27 -> 3.610662 | C20: =1*'Ops Storage'!D43*8*1000/$J$1/86400/'Ops Storage'!D27 -> 5.9133102 | D20: =1*'Ops Storage'!E43*8*1000/$J$1/86400/'Ops Storage'!E27 -> 8.2488846 | E20: =1*'Ops Storage'!F43*8*1000/$J$1/86400/'Ops Storage'!F27 -> 10.677067 | F20: =1*'Ops Storage'!G43*8*1000/$J$1/86400/'Ops Storage'!G27 -> 13.251586 | G20: =1*'Ops Storage'!H43*8*1000/$J$1/86400/'Ops Storage'!H27 -> 15.920867 | H20: =1*'Ops Storage'!I43*8*1000/$J$1/86400/'Ops Storage'!I27 -> 18.723369 | I20: =1*'Ops Storage'!J43*8*1000/$J$1/86400/'Ops Storage'!J27 -> 21.648171 | ... K20: =1*'Ops Storage'!L43*8*1000/$J$1/86400/'Ops Storage'!L27 -> 27.787702 | M20: Gb/s | N20: Qserv db, Ops Storage row 43 - 1 full IDAC (Canada?). After DRP.
A21: Catalogs CC to IDACS | B21: =11*150*8*1000/$J$1/86400 -> 5.0925926 | C21: =11*150*8*1000/$J$1/86400 -> 5.0925926 | D21: =11*150*8*1000/$J$1/86400 -> 5.0925926 | E21: =11*150*8*1000/$J$1/86400 -> 5.0925926 | F21: =11*150*8*1000/$J$1/86400 -> 5.0925926 | G21: =11*150*8*1000/$J$1/86400 -> 5.0925926 | H21: =11*150*8*1000/$J$1/86400 -> 5.0925926 | I21: =11*150*8*1000/$J$1/86400 -> 5.0925926 | ... K21: =11*150*8*1000/$J$1/86400 -> 5.0925926 | M21: Gb/s | N21: Qserv db, 150 TB lite catalog - 11 Lite IDACS. After DRP.
A22: Catalogs CC to UK | B22: =0.75*'Ops Storage'!C43*8*1000/$J$1/86400/'Ops Storage'!C27 -> 2.7079965 | C22: =0.75*'Ops Storage'!D43*8*1000/$J$1/86400/'Ops Storage'!D27 -> 4.4349826 | D22: =0.75*'Ops Storage'!E43*8*1000/$J$1/86400/'Ops Storage'!E27 -> 6.1866634 | E22: =0.75*'Ops Storage'!F43*8*1000/$J$1/86400/'Ops Storage'!F27 -> 8.0078 | F22: =0.75*'Ops Storage'!G43*8*1000/$J$1/86400/'Ops Storage'!G27 -> 9.9386898 | G22: =0.75*'Ops Storage'!H43*8*1000/$J$1/86400/'Ops Storage'!H27 -> 11.94065 | H22: =0.75*'Ops Storage'!I43*8*1000/$J$1/86400/'Ops Storage'!I27 -> 14.042526 | I22: =0.75*'Ops Storage'!J43*8*1000/$J$1/86400/'Ops Storage'!J27 -> 16.236128 | ... K22: =0.75*'Ops Storage'!L43*8*1000/$J$1/86400/'Ops Storage'!L27 -> 20.840777 | M22: Gb/s | N22: Qserv db, Ops Storage row 43 - full IDAC. After DRP.
M23: Gb/s
A24: CoAdd output SLAC to Chile | B24: =B5*8*1000/$D$1/86400 -> 16.666667 | C24: =C5*8*1000/$D$1/86400 -> 16.666667 | D24: =D5*8*1000/$D$1/86400 -> 16.666667 | E24: =E5*8*1000/$D$1/86400 -> 16.666667 | F24: =F5*8*1000/$D$1/86400 -> 16.666667 | G24: =G5*8*1000/$D$1/86400 -> 16.666667 | H24: =H5*8*1000/$D$1/86400 -> 16.666667 | I24: =I5*8*1000/$D$1/86400 -> 16.666667 | ... K24: =K5*8*1000/$D$1/86400 -> 16.666667 | M24: Gb/s | N24: assume a period of time after DRP to transfer to Chile. Not clear they have room for it all.
A25: CoAdd output SLAC to CC | B25: =0.25*B5*8*1000/$D$1/86400 -> 4.1666667 | C25: =0.25*C5*8*1000/$D$1/86400 -> 4.1666667 | D25: =0.25*D5*8*1000/$D$1/86400 -> 4.1666667 | E25: =0.25*E5*8*1000/$D$1/86400 -> 4.1666667 | F25: =0.25*F5*8*1000/$D$1/86400 -> 4.1666667 | G25: =0.25*G5*8*1000/$D$1/86400 -> 4.1666667 | H25: =0.25*H5*8*1000/$D$1/86400 -> 4.1666667 | I25: =0.25*I5*8*1000/$D$1/86400 -> 4.1666667 | ... K25: =0.25*K5*8*1000/$D$1/86400 -> 4.1666667 | M25: Gb/s
A26: CoAdd output CC to UK | B26: =0.75*B5*8*1000/$D$1/86400 -> 12.5 | C26: =0.75*C5*8*1000/$D$1/86400 -> 12.5 | D26: =0.75*D5*8*1000/$D$1/86400 -> 12.5 | E26: =0.75*E5*8*1000/$D$1/86400 -> 12.5 | F26: =0.75*F5*8*1000/$D$1/86400 -> 12.5 | G26: =0.75*G5*8*1000/$D$1/86400 -> 12.5 | H26: =0.75*H5*8*1000/$D$1/86400 -> 12.5 | I26: =0.75*I5*8*1000/$D$1/86400 -> 12.5 | ... K26: =0.75*K5*8*1000/$D$1/86400 -> 12.5 | M26: Gb/s
A27: CoAdd output CC to SLAC | B27: =0.75*B5*8*1000/$D$1/86400 -> 12.5 | C27: =0.75*C5*8*1000/$D$1/86400 -> 12.5 | D27: =0.75*D5*8*1000/$D$1/86400 -> 12.5 | E27: =0.75*E5*8*1000/$D$1/86400 -> 12.5 | F27: =0.75*F5*8*1000/$D$1/86400 -> 12.5 | G27: =0.75*G5*8*1000/$D$1/86400 -> 12.5 | H27: =0.75*H5*8*1000/$D$1/86400 -> 12.5 | I27: =0.75*I5*8*1000/$D$1/86400 -> 12.5 | ... K27: =0.75*K5*8*1000/$D$1/86400 -> 12.5 | M27: Gb/s
A28: CoAdd output UK to CC | B28: =0.25*B5*8*1000/$D$1/86400 -> 4.1666667 | C28: =0.25*C5*8*1000/$D$1/86400 -> 4.1666667 | D28: =0.25*D5*8*1000/$D$1/86400 -> 4.1666667 | E28: =0.25*E5*8*1000/$D$1/86400 -> 4.1666667 | F28: =0.25*F5*8*1000/$D$1/86400 -> 4.1666667 | G28: =0.25*G5*8*1000/$D$1/86400 -> 4.1666667 | H28: =0.25*H5*8*1000/$D$1/86400 -> 4.1666667 | I28: =0.25*I5*8*1000/$D$1/86400 -> 4.1666667 | ... K28: =0.25*K5*8*1000/$D$1/86400 -> 4.1666667 | M28: Gb/s
A30: Trans-Atlantic traffic eastbound | B30: =B12+B13 -> 2.7282309 | C30: =C12+C13 -> 3.9700338 | D30: =D12+D13 -> 5.2118366 | E30: =E12+E13 -> 6.4536394 | F30: =F12+F13 -> 7.6954423 | G30: =G12+G13 -> 8.9372451 | H30: =H12+H13 -> 10.179048 | I30: =I12+I13 -> 11.420851 | ... K30: =K12+K13 -> 13.904456 | M30: Gb/s
A31: Trans-Atlantic traffic westbound | B31: =B16 -> 3.7254085 | C31: =C16 -> 7.450817 | D31: =D16 -> 11.176225 | E31: =E16 -> 14.901634 | F31: =F16 -> 18.627042 | G31: =G16 -> 22.352451 | H31: =H16 -> 26.077859 | I31: =I16 -> 29.803268 | ... K31: =K16 -> 37.254085 | M31: Gb/s
A32: Max rate into SLAC | B32: =B10+B11+max(B16,B27) -> 30.48775 | C32: =C10+C11+max(C16,C27) -> 30.48775 | D32: =D10+D11+max(D16,D27) -> 30.48775 | E32: =E10+E11+max(E16,E27) -> 32.889384 | F32: =F10+F11+max(F16,F27) -> 36.614792 | G32: =G10+G11+max(G16,G27) -> 40.340201 | H32: =H10+H11+max(H16,H27) -> 44.065609 | I32: =I10+I11+max(I16,I27) -> 47.791018 | ... K32: =K10+K11+max(K16,K27) -> 55.241835 | M32: Gb/s | N32: images from Chile + max(DRP from CC, CoAdds+Catalogs from CC)
A33: Max rate out of SLAC | B33: =B12+max(B13,B25+B20)+B18+B19 -> 25.930423 | C33: =C12+max(C13,C25+C20)+C18+C19 -> 28.233072 | D33: =D12+max(D13,D25+D20)+D18+D19 -> 30.568646 | E33: =E12+max(E13,E25+E20)+E18+E19 -> 32.996828 | F33: =F12+max(F13,F25+F20)+F18+F19 -> 35.571348 | G33: =G12+max(G13,G25+G20)+G18+G19 -> 38.240629 | H33: =H12+max(H13,H25+H20)+H18+H19 -> 41.04313 | I33: =I12+max(I13,I25+I20)+I18+I19 -> 43.967933 | ... K33: =K12+max(K13,K25+K20)+K18+K19 -> 50.107464 | M33: Gb/s | N33: images to CC + brokers + DESC + max(DRP to CC, CoAdds+Catalogs to CC, IDAC)
A34: Max rate into CC | B34: =B12+max(B13+B14,B25+B28) -> 9.8197614 | C34: =C12+max(C13+C14,C25+C28) -> 9.8197614 | D34: =D12+max(D13+D14,D25+D28) -> 9.8197614 | E34: =E12+max(E13+E14,E25+E28) -> 11.420851 | F34: =F12+max(F13+F14,F25+F28) -> 13.904456 | G34: =G12+max(G13+G14,G25+G28) -> 16.388062 | H34: =H12+max(H13+H14,H25+H28) -> 18.871668 | I34: =I12+max(I13+I14,I25+I28) -> 21.355273 | ... K34: =K12+max(K13+K14,K25+K28) -> 26.322485 | M34: Gb/s | N34: images from SLAC + max(DRP from UK+SLAC,CoAdds+Catalogs from UK+SLAC)
A35: Max rate out of CC | B35: =max(B15+B16,B26+B27+B21+B22)+B17 -> 33.172196 | C35: =max(C15+C16,C26+C27+C21+C22)+C17 -> 34.899182 | D35: =max(D15+D16,D26+D27+D21+D22)+D17 -> 36.650863 | E35: =max(E15+E16,E26+E27+E21+E22)+E17 -> 38.472 | F35: =max(F15+F16,F26+F27+F21+F22)+F17 -> 40.402889 | G35: =max(G15+G16,G26+G27+G21+G22)+G17 -> 45.076509 | H35: =max(H15+H16,H26+H27+H21+H22)+H17 -> 52.527326 | I35: =max(I15+I16,I26+I27+I21+I22)+I17 -> 59.978143 | ... K35: =max(K15+K16,K26+K27+K21+K22)+K17 -> 74.879777 | M35: Gb/s | N35: max(DRP to UK+SLAC,CoAdds+Catalogs to UK, lite IDACs)
A36: Max rate into UK | B36: =B17+max(B15,B26+B22) -> 15.579604 | C36: =C17+max(C15,C26+C22) -> 17.30659 | D36: =D17+max(D15,D26+D22) -> 19.05827 | E36: =E17+max(E15,E26+E22) -> 20.879407 | F36: =F17+max(F15,F26+F22) -> 22.810297 | G36: =G17+max(G15,G26+G22) -> 24.812257 | H36: =H17+max(H15,H26+H22) -> 26.914133 | I36: =I17+max(I15,I26+I22) -> 30.174875 | ... K36: =K17+max(K15,K26+K22) -> 37.625692 | M36: Gb/s
A37: Max rate out of UK | B37: =max(B14,B28) -> 4.1666667 | C37: =max(C14,C28) -> 4.1666667 | D37: =max(D14,D28) -> 4.1666667 | E37: =max(E14,E28) -> 4.9672113 | F37: =max(F14,F28) -> 6.2090142 | G37: =max(G14,G28) -> 7.450817 | H37: =max(H14,H28) -> 8.6926198 | I37: =max(I14,I28) -> 9.9344227 | ... K37: =max(K14,K28) -> 12.418028 | M37: Gb/s
N39: Caveats: CoAdds transfers appear to dominate in early years. Depends on time span for transfer.
N42: General notes: CC is hub for DRP in this model.
